Pclass,Age,SibSp,Parch,Ticket,Fare,Family,Name_0,Name_1,Sex_female,Sex_male,Cabin_A,Cabin_B,Cabin_C,Cabin_D,Cabin_E,Cabin_F,Cabin_G,Cabin_T,Embarked_C,Embarked_Q,Embarked_S
3,22.0,1,0,713,7.25,1,0,1,0,1,0,0,0,0,0,0,0,0,0,0,1
1,38.0,1,0,264,71.2833,1,0,1,1,0,0,0,1,0,0,0,0,0,1,0,0
3,26.0,0,0,713,7.925,0,0,1,1,0,0,0,0,0,0,0,0,0,0,0,1
1,35.0,1,0,264,53.1,1,0,1,1,0,0,0,1,0,0,0,0,0,0,0,1
3,35.0,0,0,713,8.05,0,0,1,0,1,0,0,0,0,0,0,0,0,0,0,1
3,28.0,0,0,713,8.4583,0,0,1,0,1,0,0,0,0,0,0,0,0,0,1,0
1,54.0,0,0,264,51.8625,0,0,1,0,1,0,0,0,0,1,0,0,0,0,0,1
3,2.0,3,1,70,21.075,4,0,1,0,1,0,0,0,0,0,0,0,0,0,0,1
3,27.0,0,2,147,11.1333,2,0,1,1,0,0,0,0,0,0,0,0,0,0,0,1
2,14.0,1,0,264,30.0708,1,0,1,1,0,0,0,0,0,0,0,0,0,1,0,0
3,4.0,1,1,147,16.7,2,0,1,1,0,0,0,0,0,0,0,1,0,0,0,1
1,58.0,0,0,713,26.55,0,0,1,1,0,0,0,1,0,0,0,0,0,0,0,1
3,20.0,0,0,713,8.05,0,0,1,0,1,0,0,0,0,0,0,0,0,0,0,1
3,39.0,1,5,70,31.275,6,0,1,0,1,0,0,0,0,0,0,0,0,0,0,1
3,14.0,0,0,713,7.8542,0,0,1,1,0,0,0,0,0,0,0,0,0,0,0,1
2,55.0,0,0,713,16.0,0,0,1,1,0,0,0,0,0,0,0,0,0,0,0,1
3,2.0,4,1,24,29.125,5,0,1,0,1,0,0,0,0,0,0,0,0,0,1,0
2,28.0,0,0,713,13.0,0,0,1,0,1,0,0,0,0,0,0,0,0,0,0,1
3,31.0,1,0,264,18.0,1,0,1,1,0,0,0,0,0,0,0,0,0,0,0,1
3,28.0,0,0,713,7.225,0,0,1,1,0,0,0,0,0,0,0,0,0,1,0,0
2,35.0,0,0,264,26.0,0,0,1,0,1,0,0,0,0,0,0,0,0,0,0,1
2,34.0,0,0,713,13.0,0,0,1,0,1,0,0,0,1,0,0,0,0,0,0,1
3,15.0,0,0,713,8.0292,0,0,1,1,0,0,0,0,0,0,0,0,0,0,1,0
1,28.0,0,0,713,35.5,0,0,1,0,1,1,0,0,0,0,0,0,0,0,0,1
3,8.0,3,1,70,21.075,4,0,1,1,0,0,0,0,0,0,0,0,0,0,0,1
3,38.0,1,5,70,31.3875,6,0,1,1,0,0,0,0,0,0,0,0,0,0,0,1
3,28.0,0,0,713,7.225,0,0,1,0,1,0,0,0,0,0,0,0,0,1,0,0
1,19.0,3,2,24,263.0,5,0,1,0,1,0,0,1,0,0,0,0,0,0,0,1
3,28.0,0,0,713,7.8792,0,0,1,1,0,0,0,0,0,0,0,0,0,0,1,0
3,28.0,0,0,713,7.8958,0,0,1,0,1,0,0,0,0,0,0,0,0,0,0,1
1,40.0,0,0,713,27.7208,0,0,1,0,1,0,0,0,0,0,0,0,0,1,0,0
1,28.0,1,0,147,146.5208,1,0,1,1,0,0,1,0,0,0,0,0,0,1,0,0
3,28.0,0,0,713,7.75,0,0,1,1,0,0,0,0,0,0,0,0,0,0,1,0
2,66.0,0,0,713,10.5,0,0,1,0,1,0,0,0,0,0,0,0,0,0,0,1
1,28.0,1,0,264,82.1708,1,0,1,0,1,0,0,0,0,0,0,0,0,1,0,0
1,42.0,1,0,264,52.0,1,0,1,0,1,0,0,0,0,0,0,0,0,0,0,1
3,28.0,0,0,713,7.2292,0,0,1,0,1,0,0,0,0,0,0,0,0,1,0,0
3,21.0,0,0,713,8.05,0,0,1,0,1,0,0,0,0,0,0,0,0,0,0,1
3,18.0,2,0,264,18.0,2,0,1,1,0,0,0,0,0,0,0,0,0,0,0,1
3,14.0,1,0,264,11.2417,1,0,1,1,0,0,0,0,0,0,0,0,0,1,0,0
3,40.0,1,0,713,9.475,1,0,1,1,0,0,0,0,0,0,0,0,0,0,0,1
2,27.0,1,0,264,21.0,1,0,1,1,0,0,0,0,0,0,0,0,0,0,0,1
3,28.0,0,0,713,7.8958,0,0,1,0,1,0,0,0,0,0,0,0,0,1,0,0
2,3.0,1,2,64,41.5792,3,0,1,1,0,0,0,0,0,0,0,0,0,1,0,0
3,19.0,0,0,713,7.8792,0,0,1,1,0,0,0,0,0,0,0,0,0,0,1,0
3,28.0,0,0,713,8.05,0,0,1,0,1,0,0,0,0,0,0,0,0,0,0,1
3,28.0,1,0,264,15.5,1,0,1,0,1,0,0,0,0,0,0,0,0,0,1,0
3,28.0,0,0,713,7.75,0,0,1,1,0,0,0,0,0,0,0,0,0,0,1,0
3,28.0,2,0,147,21.6792,2,0,1,0,1,0,0,0,0,0,0,0,0,1,0,0
3,18.0,1,0,264,17.8,1,0,1,1,0,0,0,0,0,0,0,0,0,0,0,1
3,7.0,4,1,70,39.6875,5,0,1,0,1,0,0,0,0,0,0,0,0,0,0,1
3,21.0,0,0,713,7.8,0,0,1,0,1,0,0,0,0,0,0,0,0,0,0,1
1,49.0,1,0,147,76.7292,1,0,1,1,0,0,0,0,1,0,0,0,0,1,0,0
2,29.0,1,0,264,26.0,1,0,1,1,0,0,0,0,0,0,0,0,0,0,0,1
1,65.0,0,1,264,61.9792,1,0,1,0,1,0,1,0,0,0,0,0,0,1,0,0
1,28.0,0,0,713,35.5,0,0,1,0,1,0,0,1,0,0,0,0,0,0,0,1
2,21.0,0,0,713,10.5,0,0,1,1,0,0,0,0,0,0,0,0,0,0,0,1
3,28.5,0,0,713,7.2292,0,0,1,0,1,0,0,0,0,0,0,0,0,1,0,0
2,5.0,1,2,64,27.75,3,0,1,1,0,0,0,0,0,0,0,0,0,0,0,1
3,11.0,5,2,16,46.9,7,0,1,0,1,0,0,0,0,0,0,0,0,0,0,1
3,22.0,0,0,713,7.2292,0,0,1,0,1,0,0,0,0,0,0,0,0,1,0,0
1,38.0,0,0,264,80.0,0,0,1,1,0,0,1,0,0,0,0,0,0,0,0,1
1,45.0,1,0,264,83.475,1,0,1,0,1,0,0,1,0,0,0,0,0,0,0,1
3,4.0,3,2,24,27.9,5,0,1,0,1,0,0,0,0,0,0,0,0,0,0,1
1,28.0,0,0,713,27.7208,0,0,1,0,1,0,0,0,0,0,0,0,0,1,0,0
3,28.0,1,1,147,15.2458,2,0,1,0,1,0,0,0,0,0,0,0,0,1,0,0
2,29.0,0,0,713,10.5,0,0,1,1,0,0,0,0,0,0,1,0,0,0,0,1
3,19.0,0,0,713,8.1583,0,0,1,0,1,0,0,0,0,0,0,0,0,0,0,1
3,17.0,4,2,713,7.925,6,0,1,1,0,0,0,0,0,0,0,0,0,0,0,1
3,26.0,2,0,713,8.6625,2,0,1,0,1,0,0,0,0,0,0,0,0,0,0,1
2,32.0,0,0,713,10.5,0,0,1,0,1,0,0,0,0,0,0,0,0,0,0,1
3,16.0,5,2,16,46.9,7,0,1,1,0,0,0,0,0,0,0,0,0,0,0,1
2,21.0,0,0,70,73.5,0,0,1,0,1,0,0,0,0,0,0,0,0,0,0,1
3,26.0,1,0,264,14.4542,1,0,1,0,1,0,0,0,0,0,0,0,0,1,0,0
3,32.0,0,0,16,56.4958,0,0,1,0,1,0,0,0,0,0,0,0,0,0,0,1
3,25.0,0,0,713,7.65,0,0,1,0,1,0,0,0,0,0,1,0,0,0,0,1
3,28.0,0,0,713,7.8958,0,0,1,0,1,0,0,0,0,0,0,0,0,0,0,1
3,28.0,0,0,713,8.05,0,0,1,0,1,0,0,0,0,0,0,0,0,0,0,1
2,0.83,0,2,147,29.0,2,0,1,0,1,0,0,0,0,0,0,0,0,0,0,1
3,30.0,0,0,264,12.475,0,0,1,1,0,0,0,0,0,0,0,0,0,0,0,1
3,22.0,0,0,713,9.0,0,0,1,0,1,0,0,0,0,0,0,0,0,0,0,1
3,29.0,0,0,713,9.5,0,0,1,0,1,0,0,0,0,0,0,0,0,0,0,1
3,28.0,0,0,713,7.7875,0,0,1,1,0,0,0,0,0,0,0,0,0,0,1,0
1,28.0,0,0,264,47.1,0,0,1,0,1,0,0,0,0,0,0,0,0,0,0,1
2,17.0,0,0,713,10.5,0,0,1,1,0,0,0,0,0,0,0,0,0,0,0,1
3,33.0,3,0,264,15.85,3,0,1,1,0,0,0,0,0,0,0,0,0,0,0,1
3,16.0,1,3,70,34.375,4,0,1,0,1,0,0,0,0,0,0,0,0,0,0,1
3,28.0,0,0,713,8.05,0,0,1,0,1,0,0,0,0,0,0,0,0,0,0,1
1,23.0,3,2,24,263.0,5,0,1,1,0,0,0,1,0,0,0,0,0,0,0,1
3,24.0,0,0,713,8.05,0,0,1,0,1,0,0,0,0,0,0,0,0,0,0,1
3,29.0,0,0,713,8.05,0,0,1,0,1,0,0,0,0,0,0,0,0,0,0,1
3,20.0,0,0,713,7.8542,0,0,1,0,1,0,0,0,0,0,0,0,0,0,0,1
1,46.0,1,0,264,61.175,1,0,1,0,1,0,0,0,0,1,0,0,0,0,0,1
3,26.0,1,2,64,20.575,3,0,1,0,1,0,0,0,0,0,0,0,0,0,0,1
3,59.0,0,0,713,7.25,0,0,1,0,1,0,0,0,0,0,0,0,0,0,0,1
3,28.0,0,0,713,8.05,0,0,1,0,1,0,0,0,0,0,0,0,0,0,0,1
1,71.0,0,0,713,34.6542,0,0,1,0,1,1,0,0,0,0,0,0,0,1,0,0
1,23.0,0,1,264,63.3583,1,0,1,0,1,0,0,0,1,0,0,0,0,1,0,0
2,34.0,0,1,264,23.0,1,0,1,1,0,0,0,0,0,0,0,0,0,0,0,1
2,34.0,1,0,264,26.0,1,0,1,0,1,0,0,0,0,0,0,0,0,0,0,1
3,28.0,0,0,713,7.8958,0,0,1,1,0,0,0,0,0,0,0,0,0,0,0,1
3,28.0,0,0,713,7.8958,0,0,1,0,1,0,0,0,0,0,0,0,0,0,0,1
1,21.0,0,1,264,77.2875,1,0,1,0,1,0,0,0,1,0,0,0,0,0,0,1
3,33.0,0,0,713,8.6542,0,0,1,0,1,0,0,0,0,0,0,0,0,0,0,1
3,37.0,2,0,713,7.925,2,0,1,0,1,0,0,0,0,0,0,0,0,0,0,1
3,28.0,0,0,713,7.8958,0,0,1,0,1,0,0,0,0,0,0,0,0,0,0,1
3,21.0,0,0,713,7.65,0,0,1,1,0,0,0,0,0,0,0,0,0,0,0,1
3,28.0,0,0,713,7.775,0,0,1,0,1,0,0,0,0,0,0,0,0,0,0,1
3,38.0,0,0,713,7.8958,0,0,1,0,1,0,0,0,0,0,0,0,0,0,0,1
3,28.0,1,0,147,24.15,1,0,1,1,0,0,0,0,0,0,0,0,0,0,1,0
1,47.0,0,0,264,52.0,0,0,1,0,1,0,0,1,0,0,0,0,0,0,0,1
3,14.5,1,0,264,14.4542,1,0,1,1,0,0,0,0,0,0,0,0,0,1,0,0
3,22.0,0,0,713,8.05,0,0,1,0,1,0,0,0,0,0,0,0,0,0,0,1
3,20.0,1,0,713,9.825,1,0,1,1,0,0,0,0,0,0,0,0,0,0,0,1
3,17.0,0,0,264,14.4583,0,0,1,1,0,0,0,0,0,0,0,0,0,1,0,0
3,21.0,0,0,713,7.925,0,0,1,0,1,0,0,0,0,0,0,0,0,0,0,1
3,70.5,0,0,713,7.75,0,0,1,0,1,0,0,0,0,0,0,0,0,0,1,0
2,29.0,1,0,264,21.0,1,0,1,0,1,0,0,0,0,0,0,0,0,0,0,1
1,24.0,0,1,147,247.5208,1,0,1,0,1,0,1,0,0,0,0,0,0,1,0,0
3,2.0,4,2,70,31.275,6,0,1,1,0,0,0,0,0,0,0,0,0,0,0,1
2,21.0,2,0,70,73.5,2,0,1,0,1,0,0,0,0,0,0,0,0,0,0,1
3,28.0,0,0,713,8.05,0,0,1,0,1,0,0,0,0,0,0,0,0,0,0,1
2,32.5,1,0,264,30.0708,1,0,1,0,1,0,0,0,0,0,0,0,0,1,0,0
2,32.5,0,0,713,13.0,0,0,1,1,0,0,0,0,0,1,0,0,0,0,0,1
1,54.0,0,1,264,77.2875,1,0,1,0,1,0,0,0,1,0,0,0,0,0,0,1
3,12.0,1,0,264,11.2417,1,0,1,0,1,0,0,0,0,0,0,0,0,1,0,0
3,28.0,0,0,713,7.75,0,0,1,0,1,0,0,0,0,0,0,0,0,0,1,0
3,24.0,0,0,713,7.1417,0,0,1,0,1,0,0,0,0,0,0,0,0,0,0,1
3,28.0,1,1,147,22.3583,2,0,1,1,0,0,0,0,0,0,1,0,0,1,0,0
3,45.0,0,0,713,6.975,0,0,1,0,1,0,0,0,0,0,0,0,0,0,0,1
3,33.0,0,0,713,7.8958,0,0,1,0,1,0,0,0,0,0,0,0,0,1,0,0
3,20.0,0,0,713,7.05,0,0,1,0,1,0,0,0,0,0,0,0,0,0,0,1
3,47.0,1,0,264,14.5,1,0,1,1,0,0,0,0,0,0,0,0,0,0,0,1
2,29.0,1,0,264,26.0,1,0,1,1,0,0,0,0,0,0,0,0,0,0,0,1
2,25.0,0,0,713,13.0,0,0,1,0,1,0,0,0,0,0,0,0,0,0,0,1
2,23.0,0,0,713,15.0458,0,0,1,0,1,0,0,0,0,0,0,0,0,1,0,0
1,19.0,0,2,713,26.2833,2,0,1,1,0,0,0,0,1,0,0,0,0,0,0,1
1,37.0,1,0,264,53.1,1,0,1,0,1,0,0,1,0,0,0,0,0,0,0,1
3,16.0,0,0,264,9.2167,0,0,1,0,1,0,0,0,0,0,0,0,0,0,0,1
1,24.0,0,0,264,79.2,0,0,1,0,1,0,1,0,0,0,0,0,0,1,0,0
3,28.0,0,2,147,15.2458,2,0,1,1,0,0,0,0,0,0,0,0,0,1,0,0
3,22.0,0,0,713,7.75,0,0,1,1,0,0,0,0,0,0,0,0,0,0,0,1
3,24.0,1,0,264,15.85,1,0,1,1,0,0,0,0,0,0,0,0,0,0,0,1
3,19.0,0,0,713,6.75,0,0,1,0,1,0,0,0,0,0,0,0,0,0,1,0
2,18.0,0,0,713,11.5,0,0,1,0,1,0,0,0,0,0,0,0,0,0,0,1
2,19.0,1,1,64,36.75,2,0,1,0,1,0,0,0,0,0,0,0,0,0,0,1
3,27.0,0,0,713,7.7958,0,0,1,0,1,0,0,0,0,0,0,0,0,0,0,1
3,9.0,2,2,70,34.375,4,0,1,1,0,0,0,0,0,0,0,0,0,0,0,1
2,36.5,0,2,147,26.0,2,0,1,0,1,0,0,0,0,0,1,0,0,0,0,1
2,42.0,0,0,713,13.0,0,0,1,0,1,0,0,0,0,0,0,0,0,0,0,1
2,51.0,0,0,713,12.525,0,0,1,0,1,0,0,0,0,0,0,0,0,0,0,1
1,22.0,1,0,264,66.6,1,0,1,1,0,0,0,1,0,0,0,0,0,0,0,1
3,55.5,0,0,713,8.05,0,0,1,0,1,0,0,0,0,0,0,0,0,0,0,1
3,40.5,0,2,147,14.5,2,0,1,0,1,0,0,0,0,0,0,0,0,0,0,1
3,28.0,0,0,713,7.3125,0,0,1,0,1,0,0,0,0,0,0,0,0,0,0,1
1,51.0,0,1,264,61.3792,1,0,1,0,1,0,0,0,0,0,0,0,0,1,0,0
3,16.0,0,0,713,7.7333,0,0,1,1,0,0,0,0,0,0,0,0,0,0,1,0
3,30.0,0,0,713,8.05,0,0,1,0,1,0,0,0,0,0,0,0,0,0,0,1
3,28.0,0,0,713,8.6625,0,0,1,0,1,0,0,0,0,0,0,0,0,0,0,1
3,28.0,8,2,11,69.55,10,0,1,0,1,0,0,0,0,0,0,0,0,0,0,1
3,44.0,0,1,264,16.1,1,0,1,0,1,0,0,0,0,0,0,0,0,0,0,1
2,40.0,0,0,264,15.75,0,0,1,1,0,0,0,0,0,0,0,0,0,0,0,1
3,26.0,0,0,713,7.775,0,0,1,0,1,0,0,0,0,0,0,0,0,0,0,1
3,17.0,0,0,713,8.6625,0,0,1,0,1,0,0,0,0,0,0,0,0,0,0,1
3,1.0,4,1,70,39.6875,5,0,1,0,1,0,0,0,0,0,0,0,0,0,0,1
3,9.0,0,2,147,20.525,2,0,1,0,1,0,0,0,0,0,0,0,0,0,0,1
1,28.0,0,1,264,55.0,1,0,1,1,0,0,0,0,0,1,0,0,0,0,0,1
3,45.0,1,4,24,27.9,5,0,1,1,0,0,0,0,0,0,0,0,0,0,0,1
1,28.0,0,0,713,25.925,0,0,1,0,1,0,0,0,0,0,0,0,0,0,0,1
3,28.0,0,0,16,56.4958,0,0,1,0,1,0,0,0,0,0,0,0,0,0,0,1
1,61.0,0,0,713,33.5,0,0,1,0,1,0,1,0,0,0,0,0,0,0,0,1
3,4.0,4,1,24,29.125,5,0,1,0,1,0,0,0,0,0,0,0,0,0,1,0
3,1.0,1,1,147,11.1333,2,0,1,1,0,0,0,0,0,0,0,0,0,0,0,1
3,21.0,0,0,713,7.925,0,0,1,0,1,0,0,0,0,0,0,0,0,0,0,1
1,56.0,0,0,713,30.6958,0,0,1,0,1,1,0,0,0,0,0,0,0,1,0,0
3,18.0,1,1,713,7.8542,2,0,1,0,1,0,0,0,0,0,0,0,0,0,0,1
3,28.0,3,1,70,25.4667,4,0,1,0,1,0,0,0,0,0,0,0,0,0,0,1
1,50.0,0,0,713,28.7125,0,0,1,1,0,0,0,1,0,0,0,0,0,1,0,0
2,30.0,0,0,713,13.0,0,0,1,0,1,0,0,0,0,0,0,0,0,0,0,1
3,36.0,0,0,64,0.0,0,0,1,0,1,0,0,0,0,0,0,0,0,0,0,1
3,28.0,8,2,11,69.55,10,0,1,1,0,0,0,0,0,0,0,0,0,0,0,1
2,28.0,0,0,713,15.05,0,0,1,0,1,0,0,0,0,0,0,0,0,1,0,0
3,9.0,4,2,70,31.3875,6,0,1,0,1,0,0,0,0,0,0,0,0,0,0,1
2,1.0,2,1,64,39.0,3,0,1,0,1,0,0,0,0,0,1,0,0,0,0,1
3,4.0,0,2,147,22.025,2,0,1,1,0,0,0,0,0,0,0,0,0,0,0,1
1,28.0,0,0,713,50.0,0,0,1,0,1,1,0,0,0,0,0,0,0,0,0,1
3,28.0,1,0,264,15.5,1,0,1,1,0,0,0,0,0,0,0,0,0,0,1,0
1,45.0,0,0,713,26.55,0,0,1,0,1,0,0,0,0,0,0,0,0,0,0,1
3,40.0,1,1,264,15.5,2,0,1,0,1,0,0,0,0,0,0,0,0,0,1,0
3,36.0,0,0,713,7.8958,0,0,1,0,1,0,0,0,0,0,0,0,0,0,0,1
2,32.0,0,0,713,13.0,0,0,1,1,0,0,0,0,0,0,0,0,0,0,0,1
2,19.0,0,0,713,13.0,0,0,1,0,1,0,0,0,0,0,0,0,0,0,0,1
3,19.0,1,0,713,7.8542,1,0,1,1,0,0,0,0,0,0,0,0,0,0,0,1
2,3.0,1,1,147,26.0,2,0,1,0,1,0,0,0,0,0,1,0,0,0,0,1
1,44.0,0,0,713,27.7208,0,0,1,1,0,0,1,0,0,0,0,0,0,1,0,0
1,58.0,0,0,147,146.5208,0,0,1,1,0,0,1,0,0,0,0,0,0,1,0,0
3,28.0,0,0,713,7.75,0,0,1,0,1,0,0,0,0,0,0,0,0,0,1,0
3,42.0,0,1,713,8.4042,1,0,1,0,1,0,0,0,0,0,0,0,0,0,0,1
3,28.0,0,0,713,7.75,0,0,1,1,0,0,0,0,0,0,0,0,0,0,1,0
2,24.0,0,0,713,13.0,0,0,1,1,0,0,0,0,0,0,0,0,0,0,0,1
3,28.0,0,0,713,9.5,0,0,1,0,1,0,0,0,0,0,0,0,0,0,0,1
3,28.0,8,2,11,69.55,10,0,1,0,1,0,0,0,0,0,0,0,0,0,0,1
3,34.0,0,0,713,6.4958,0,0,1,0,1,0,0,0,0,0,0,0,0,0,0,1
3,45.5,0,0,713,7.225,0,0,1,0,1,0,0,0,0,0,0,0,0,1,0,0
3,18.0,0,0,713,8.05,0,0,1,0,1,0,0,0,0,0,0,0,0,0,0,1
3,2.0,0,1,264,10.4625,1,0,1,1,0,0,0,0,0,0,0,1,0,0,0,1
3,32.0,1,0,264,15.85,1,0,1,0,1,0,0,0,0,0,0,0,0,0,0,1
3,26.0,0,0,264,18.7875,0,0,1,0,1,0,0,0,0,0,0,0,0,1,0,0
3,16.0,0,0,713,7.75,0,0,1,1,0,0,0,0,0,0,0,0,0,0,1,0
1,40.0,0,0,713,31.0,0,0,1,0,1,1,0,0,0,0,0,0,0,1,0,0
3,24.0,0,0,713,7.05,0,0,1,0,1,0,0,0,0,0,0,0,0,0,0,1
2,35.0,0,0,264,21.0,0,0,1,1,0,0,0,0,0,0,0,0,0,0,0,1
3,22.0,0,0,713,7.25,0,0,1,0,1,0,0,0,0,0,0,0,0,0,0,1
2,30.0,0,0,713,13.0,0,0,1,0,1,0,0,0,0,0,0,0,0,0,0,1
3,28.0,1,0,713,7.75,1,0,1,0,1,0,0,0,0,0,0,0,0,0,1,0
1,31.0,1,0,147,113.275,1,0,1,1,0,0,0,0,1,0,0,0,0,1,0,0
3,27.0,0,0,713,7.925,0,0,1,1,0,0,0,0,0,0,0,0,0,0,0,1
2,42.0,1,0,264,27.0,1,0,1,0,1,0,0,0,0,0,0,0,0,0,0,1
1,32.0,0,0,264,76.2917,0,0,1,1,0,0,0,0,1,0,0,0,0,1,0,0
2,30.0,0,0,713,10.5,0,0,1,0,1,0,0,0,0,0,0,0,0,0,0,1
3,16.0,0,0,713,8.05,0,0,1,0,1,0,0,0,0,0,0,0,0,0,0,1
2,27.0,0,0,713,13.0,0,0,1,0,1,0,0,0,0,0,0,0,0,0,0,1
3,51.0,0,0,713,8.05,0,0,1,0,1,0,0,0,0,0,0,0,0,0,0,1
3,28.0,0,0,713,7.8958,0,0,1,0,1,0,0,0,0,0,0,0,0,0,0,1
1,38.0,1,0,264,90.0,1,0,1,0,1,0,0,1,0,0,0,0,0,0,0,1
3,22.0,0,0,713,9.35,0,0,1,0,1,0,0,0,0,0,0,0,0,0,0,1
2,19.0,0,0,713,10.5,0,0,1,0,1,0,0,0,0,0,0,0,0,0,0,1
3,20.5,0,0,713,7.25,0,0,1,0,1,0,0,0,0,0,0,0,0,0,0,1
2,18.0,0,0,713,13.0,0,0,1,0,1,0,0,0,0,0,0,0,0,0,0,1
3,28.0,3,1,70,25.4667,4,0,1,1,0,0,0,0,0,0,0,0,0,0,0,1
1,35.0,1,0,264,83.475,1,0,1,1,0,0,0,1,0,0,0,0,0,0,0,1
3,29.0,0,0,713,7.775,0,0,1,0,1,0,0,0,0,0,0,0,0,0,0,1
2,59.0,0,0,713,13.5,0,0,1,0,1,0,0,0,0,0,0,0,0,0,0,1
3,5.0,4,2,70,31.3875,6,0,1,1,0,0,0,0,0,0,0,0,0,0,0,1
2,24.0,0,0,713,10.5,0,0,1,0,1,0,0,0,0,0,0,0,0,0,0,1
3,28.0,0,0,713,7.55,0,0,1,1,0,0,0,0,0,0,0,0,0,0,0,1
2,44.0,1,0,264,26.0,1,0,1,0,1,0,0,0,0,0,0,0,0,0,0,1
2,8.0,0,2,147,26.25,2,0,1,1,0,0,0,0,0,0,0,0,0,0,0,1
2,19.0,0,0,713,10.5,0,0,1,0,1,0,0,0,0,0,0,0,0,0,0,1
2,33.0,0,0,713,12.275,0,0,1,0,1,0,0,0,0,0,0,0,0,0,0,1
3,28.0,1,0,264,14.4542,1,0,1,1,0,0,0,0,0,0,0,0,0,1,0,0
3,28.0,1,0,264,15.5,1,0,1,1,0,0,0,0,0,0,0,0,0,0,1,0
2,29.0,0,0,713,10.5,0,0,1,0,1,0,0,0,0,0,0,0,0,0,0,1
3,22.0,0,0,713,7.125,0,0,1,0,1,0,0,0,0,0,0,0,0,0,0,1
3,30.0,0,0,713,7.225,0,0,1,0,1,0,0,0,0,0,0,0,0,1,0,0
1,44.0,2,0,147,90.0,2,0,1,0,1,0,0,1,0,0,0,0,0,0,1,0
3,25.0,0,0,713,7.775,0,0,1,1,0,0,0,0,0,0,0,0,0,0,0,1
2,24.0,0,2,264,14.5,2,0,1,1,0,0,0,0,0,0,0,0,0,0,0,1
1,37.0,1,1,264,52.5542,2,0,1,0,1,0,0,0,1,0,0,0,0,0,0,1
2,54.0,1,0,264,26.0,1,0,1,0,1,0,0,0,0,0,0,0,0,0,0,1
3,28.0,0,0,713,7.25,0,0,1,0,1,0,0,0,0,0,0,0,0,0,0,1
3,29.0,1,1,264,10.4625,2,0,1,1,0,0,0,0,0,0,0,1,0,0,0,1
1,62.0,0,0,713,26.55,0,0,1,0,1,0,0,1,0,0,0,0,0,0,0,1
3,30.0,1,0,264,16.1,1,0,1,0,1,0,0,0,0,0,0,0,0,0,0,1
3,41.0,0,2,147,20.2125,2,0,1,1,0,0,0,0,0,0,0,0,0,0,0,1
3,29.0,0,2,147,15.2458,2,0,1,1,0,0,0,0,0,0,0,0,0,1,0,0
1,28.0,0,0,264,79.2,0,0,1,1,0,0,0,0,0,0,0,0,0,1,0,0
1,30.0,0,0,147,86.5,0,0,1,1,0,0,1,0,0,0,0,0,0,0,0,1
1,35.0,0,0,64,512.3292,0,0,1,1,0,0,0,0,0,0,0,0,0,1,0,0
2,50.0,0,1,264,26.0,1,0,1,1,0,0,0,0,0,0,0,0,0,0,0,1
3,28.0,0,0,713,7.75,0,0,1,0,1,0,0,0,0,0,0,0,0,0,1,0
3,3.0,4,2,70,31.3875,6,0,1,0,1,0,0,0,0,0,0,0,0,0,0,1
1,52.0,1,1,147,79.65,2,0,1,0,1,0,0,0,0,1,0,0,0,0,0,1
1,40.0,0,0,713,0.0,0,0,1,0,1,0,1,0,0,0,0,0,0,0,0,1
3,28.0,0,0,713,7.75,0,0,1,1,0,0,0,0,0,0,0,0,0,0,1,0
2,36.0,0,0,713,10.5,0,0,1,0,1,0,0,0,0,0,0,0,0,0,0,1
3,16.0,4,1,70,39.6875,5,0,1,0,1,0,0,0,0,0,0,0,0,0,0,1
3,25.0,1,0,713,7.775,1,0,1,0,1,0,0,0,0,0,0,0,0,0,0,1
1,58.0,0,1,147,153.4625,1,0,1,1,0,0,0,1,0,0,0,0,0,0,0,1
1,35.0,0,0,64,135.6333,0,0,1,1,0,0,0,1,0,0,0,0,0,0,0,1
1,28.0,0,0,264,31.0,0,0,1,0,1,0,0,0,0,0,0,0,0,0,0,1
3,25.0,0,0,64,0.0,0,0,1,0,1,0,0,0,0,0,0,0,0,0,0,1
2,41.0,0,1,264,19.5,1,0,1,1,0,0,0,0,0,0,0,0,0,0,0,1
1,37.0,0,1,713,29.7,1,0,1,0,1,0,0,1,0,0,0,0,0,1,0,0
3,28.0,0,0,713,7.75,0,0,1,1,0,0,0,0,0,0,0,0,0,0,1,0
1,63.0,1,0,147,77.9583,1,0,1,1,0,0,0,0,1,0,0,0,0,0,0,1
3,45.0,0,0,713,7.75,0,0,1,1,0,0,0,0,0,0,0,0,0,0,0,1
2,28.0,0,0,147,0.0,0,0,1,0,1,0,0,0,0,0,0,0,0,0,0,1
3,7.0,4,1,24,29.125,5,0,1,0,1,0,0,0,0,0,0,0,0,0,1,0
3,35.0,1,1,147,20.25,2,0,1,1,0,0,0,0,0,0,0,0,0,0,0,1
3,65.0,0,0,713,7.75,0,0,1,0,1,0,0,0,0,0,0,0,0,0,1,0
3,28.0,0,0,713,7.8542,0,0,1,0,1,0,0,0,0,0,0,0,0,0,0,1
3,16.0,0,0,713,9.5,0,0,1,0,1,0,0,0,0,0,0,0,0,0,0,1
3,19.0,0,0,713,8.05,0,0,1,0,1,0,0,0,0,0,0,0,0,0,0,1
1,28.0,0,0,713,26.0,0,0,1,0,1,1,0,0,0,0,0,0,0,0,0,1
3,33.0,0,0,713,8.6625,0,0,1,0,1,0,0,0,0,0,0,0,0,1,0,0
3,30.0,0,0,713,9.5,0,0,1,0,1,0,0,0,0,0,0,0,0,0,0,1
3,22.0,0,0,713,7.8958,0,0,1,0,1,0,0,0,0,0,0,0,0,0,0,1
2,42.0,0,0,713,13.0,0,0,1,0,1,0,0,0,0,0,0,0,0,0,0,1
3,22.0,0,0,713,7.75,0,1,0,1,0,0,0,0,0,0,0,0,0,0,1,0
1,26.0,0,0,147,78.85,0,0,1,1,0,0,0,0,0,0,0,0,0,0,0,1
1,19.0,1,0,264,91.0792,1,0,1,1,0,0,1,0,0,0,0,0,0,1,0,0
2,36.0,0,0,713,12.875,0,0,1,0,1,0,0,0,1,0,0,0,0,1,0,0
3,24.0,0,0,713,8.85,0,0,1,1,0,0,0,0,0,0,0,0,0,0,0,1
3,24.0,0,0,713,7.8958,0,0,1,0,1,0,0,0,0,0,0,0,0,0,0,1
1,28.0,0,0,713,27.7208,0,0,1,0,1,0,0,0,0,0,0,0,0,1,0,0
3,23.5,0,0,713,7.2292,0,0,1,0,1,0,0,0,0,0,0,0,0,1,0,0
1,2.0,1,2,24,151.55,3,0,1,1,0,0,0,1,0,0,0,0,0,0,0,1
1,28.0,0,0,713,30.5,0,0,1,0,1,0,0,1,0,0,0,0,0,0,0,1
1,50.0,0,1,147,247.5208,1,0,1,1,0,0,1,0,0,0,0,0,0,1,0,0
3,28.0,0,0,713,7.75,0,0,1,1,0,0,0,0,0,0,0,0,0,0,1,0
3,28.0,2,0,147,23.25,2,0,1,0,1,0,0,0,0,0,0,0,0,0,1,0
3,19.0,0,0,64,0.0,0,0,1,0,1,0,0,0,0,0,0,0,0,0,0,1
2,28.0,0,0,713,12.35,0,0,1,1,0,0,0,0,0,1,0,0,0,0,1,0
3,28.0,0,0,713,8.05,0,0,1,0,1,0,0,0,0,0,0,0,0,0,0,1
1,0.92,1,2,24,151.55,3,0,1,0,1,0,0,1,0,0,0,0,0,0,0,1
1,28.0,0,0,64,110.8833,0,0,1,1,0,0,0,0,0,0,0,0,0,1,0,0
1,17.0,1,0,147,108.9,1,0,1,1,0,0,0,1,0,0,0,0,0,1,0,0
2,30.0,1,0,264,24.0,1,0,1,0,1,0,0,0,0,0,0,0,0,1,0,0
1,30.0,0,0,264,56.9292,0,0,1,1,0,0,0,0,0,1,0,0,0,1,0,0
1,24.0,0,0,147,83.1583,0,0,1,1,0,0,0,1,0,0,0,0,0,1,0,0
1,18.0,2,2,70,262.375,4,0,1,1,0,0,1,0,0,0,0,0,0,1,0,0
2,26.0,1,1,264,26.0,2,0,1,1,0,0,0,0,0,0,0,0,0,0,0,1
3,28.0,0,0,713,7.8958,0,0,1,0,1,0,0,0,0,0,0,0,0,0,0,1
2,43.0,1,1,147,26.25,2,0,1,0,1,0,0,0,0,0,0,0,0,0,0,1
3,26.0,0,0,713,7.8542,0,0,1,1,0,0,0,0,0,0,0,0,0,0,0,1
2,24.0,1,0,264,26.0,1,0,1,1,0,0,0,0,0,0,0,0,0,0,0,1
2,54.0,0,0,713,14.0,0,0,1,0,1,0,0,0,0,0,0,0,0,0,0,1
1,31.0,0,2,64,164.8667,2,0,1,1,0,0,0,1,0,0,0,0,0,0,0,1
1,40.0,1,1,70,134.5,2,0,1,1,0,0,0,0,0,1,0,0,0,1,0,0
3,22.0,0,0,713,7.25,0,0,1,0,1,0,0,0,0,0,0,0,0,0,0,1
3,27.0,0,0,713,7.8958,0,0,1,0,1,0,0,0,0,0,0,0,0,0,0,1
2,30.0,0,0,713,12.35,0,0,1,1,0,0,0,0,0,0,0,0,0,0,1,0
2,22.0,1,1,147,29.0,2,0,1,1,0,0,0,0,0,0,0,0,0,0,0,1
3,28.0,8,2,11,69.55,10,0,1,0,1,0,0,0,0,0,0,0,0,0,0,1
1,36.0,0,0,64,135.6333,0,0,1,1,0,0,0,1,0,0,0,0,0,1,0,0
3,61.0,0,0,713,6.2375,0,0,1,0,1,0,0,0,0,0,0,0,0,0,0,1
2,36.0,0,0,713,13.0,0,0,1,1,0,0,0,0,1,0,0,0,0,0,0,1
3,31.0,1,1,147,20.525,2,0,1,1,0,0,0,0,0,0,0,0,0,0,0,1
1,16.0,0,1,264,57.9792,1,0,1,1,0,0,1,0,0,0,0,0,0,1,0,0
3,28.0,2,0,147,23.25,2,0,1,1,0,0,0,0,0,0,0,0,0,0,1,0
1,45.5,0,0,713,28.5,0,0,1,0,1,0,0,1,0,0,0,0,0,0,0,1
1,38.0,0,1,147,153.4625,1,0,1,0,1,0,0,1,0,0,0,0,0,0,0,1
3,16.0,2,0,264,18.0,2,0,1,0,1,0,0,0,0,0,0,0,0,0,0,1
1,28.0,1,0,264,133.65,1,0,1,1,0,0,0,0,0,0,0,0,0,0,0,1
3,28.0,0,0,713,7.8958,0,0,1,0,1,0,0,0,0,0,0,0,0,0,0,1
1,29.0,1,0,264,66.6,1,0,1,0,1,0,0,1,0,0,0,0,0,0,0,1
1,41.0,0,0,70,134.5,0,0,1,1,0,0,0,0,0,1,0,0,0,1,0,0
3,45.0,0,0,713,8.05,0,0,1,0,1,0,0,0,0,0,0,0,0,0,0,1
1,45.0,0,0,713,35.5,0,0,1,0,1,0,0,0,0,0,0,0,1,0,0,1
2,2.0,1,1,147,26.0,2,0,1,0,1,0,0,0,0,0,1,0,0,0,0,1
1,24.0,3,2,24,263.0,5,0,1,1,0,0,0,1,0,0,0,0,0,0,0,1
2,28.0,0,0,713,13.0,0,0,1,0,1,0,0,0,0,0,0,0,0,0,0,1
2,25.0,0,0,713,13.0,0,0,1,0,1,0,0,0,0,0,0,0,0,0,0,1
2,36.0,0,0,713,13.0,0,0,1,0,1,0,0,0,0,0,0,0,0,0,0,1
2,24.0,0,0,713,13.0,0,0,1,1,0,0,0,0,0,0,1,0,0,0,0,1
2,40.0,0,0,713,13.0,0,0,1,1,0,0,0,0,0,0,0,0,0,0,0,1
3,28.0,1,0,264,16.1,1,0,1,1,0,0,0,0,0,0,0,0,0,0,0,1
3,3.0,1,1,147,15.9,2,0,1,0,1,0,0,0,0,0,0,0,0,0,0,1
3,42.0,0,0,713,8.6625,0,0,1,0,1,0,0,0,0,0,0,0,0,0,0,1
3,23.0,0,0,713,9.225,0,0,1,0,1,0,0,0,0,0,0,0,0,0,0,1
1,28.0,0,0,713,35.0,0,0,1,0,1,0,0,1,0,0,0,0,0,0,0,1
3,15.0,1,1,713,7.2292,2,0,1,0,1,0,0,0,0,0,0,0,0,1,0,0
3,25.0,1,0,264,17.8,1,0,1,0,1,0,0,0,0,0,0,0,0,0,0,1
3,28.0,0,0,713,7.225,0,0,1,0,1,0,0,0,0,0,0,0,0,1,0,0
3,28.0,0,0,713,9.5,0,0,1,0,1,0,0,0,0,0,0,0,0,0,0,1
1,22.0,0,1,264,55.0,1,0,1,1,0,0,0,0,0,1,0,0,0,0,0,1
2,38.0,0,0,713,13.0,0,0,1,1,0,0,0,0,0,0,0,0,0,0,0,1
3,28.0,0,0,713,7.8792,0,0,1,1,0,0,0,0,0,0,0,0,0,0,1,0
3,28.0,0,0,713,7.8792,0,0,1,1,0,0,0,0,0,0,0,0,0,0,1,0
3,40.0,1,4,24,27.9,5,0,1,0,1,0,0,0,0,0,0,0,0,0,0,1
2,29.0,1,0,264,27.7208,1,0,1,0,1,0,0,0,0,0,0,0,0,1,0,0
3,45.0,0,1,264,14.4542,1,0,1,1,0,0,0,0,0,0,0,0,0,1,0,0
3,35.0,0,0,713,7.05,0,0,1,0,1,0,0,0,0,0,0,0,0,0,0,1
3,28.0,1,0,264,15.5,1,0,1,0,1,0,0,0,0,0,0,0,0,0,1,0
3,30.0,0,0,713,7.25,0,0,1,0,1,0,0,0,0,0,0,0,0,0,0,1
1,60.0,1,0,264,75.25,1,0,1,1,0,0,0,0,1,0,0,0,0,1,0,0
3,28.0,0,0,713,7.2292,0,0,1,1,0,0,0,0,0,0,0,0,0,1,0,0
3,28.0,0,0,713,7.75,0,0,1,1,0,0,0,0,0,0,0,0,0,0,1,0
1,24.0,0,0,264,69.3,0,0,1,1,0,0,1,0,0,0,0,0,0,1,0,0
1,25.0,1,0,264,55.4417,1,0,1,0,1,0,0,0,0,1,0,0,0,1,0,0
3,18.0,1,0,713,6.4958,1,0,1,0,1,0,0,0,0,0,0,0,0,0,0,1
3,19.0,0,0,713,8.05,0,0,1,0,1,0,0,0,0,0,0,0,0,0,0,1
1,22.0,0,0,64,135.6333,0,0,1,0,1,0,0,0,0,0,0,0,0,1,0,0
3,3.0,3,1,70,21.075,4,0,1,1,0,0,0,0,0,0,0,0,0,0,0,1
1,28.0,1,0,264,82.1708,1,0,1,1,0,0,0,0,0,0,0,0,0,1,0,0
3,22.0,0,0,713,7.25,0,0,1,1,0,0,0,0,0,0,0,0,0,0,0,1
1,27.0,0,2,70,211.5,2,0,1,0,1,0,0,1,0,0,0,0,0,1,0,0
3,20.0,0,0,713,4.0125,0,0,1,0,1,0,0,0,0,0,0,0,0,1,0,0
3,19.0,0,0,713,7.775,0,0,1,0,1,0,0,0,0,0,0,0,0,0,0,1
1,42.0,0,0,70,227.525,0,0,1,1,0,0,0,0,0,0,0,0,0,1,0,0
3,1.0,0,2,147,15.7417,2,0,1,1,0,0,0,0,0,0,0,0,0,1,0,0
3,32.0,0,0,713,7.925,0,0,1,0,1,0,0,0,0,0,0,0,0,0,0,1
1,35.0,1,0,264,52.0,1,0,1,1,0,0,0,0,0,0,0,0,0,0,0,1
3,28.0,0,0,713,7.8958,0,0,1,0,1,0,0,0,0,0,0,0,0,0,0,1
2,18.0,0,0,70,73.5,0,0,1,0,1,0,0,0,0,0,0,0,0,0,0,1
3,1.0,5,2,16,46.9,7,0,1,0,1,0,0,0,0,0,0,0,0,0,0,1
2,36.0,0,0,713,13.0,0,0,1,1,0,0,0,0,0,0,0,0,0,0,0,1
3,28.0,0,0,713,7.7292,0,0,1,0,1,0,0,0,0,0,0,0,0,0,1,0
2,17.0,0,0,713,12.0,0,0,1,1,0,0,0,0,0,0,0,0,0,1,0,0
1,36.0,1,2,64,120.0,3,0,1,0,1,0,1,0,0,0,0,0,0,0,0,1
3,21.0,0,0,713,7.7958,0,0,1,0,1,0,0,0,0,0,0,0,0,0,0,1
3,28.0,2,0,713,7.925,2,0,1,0,1,0,0,0,0,0,0,0,0,0,0,1
1,23.0,1,0,147,113.275,1,0,1,1,0,0,0,0,1,0,0,0,0,1,0,0
3,24.0,0,2,147,16.7,2,0,1,1,0,0,0,0,0,0,0,1,0,0,0,1
3,22.0,0,0,713,7.7958,0,0,1,0,1,0,0,0,0,0,0,0,0,0,0,1
3,31.0,0,0,713,7.8542,0,0,1,1,0,0,0,0,0,0,0,0,0,0,0,1
2,46.0,0,0,264,26.0,0,0,1,0,1,0,0,0,0,0,0,0,0,0,0,1
2,23.0,0,0,713,10.5,0,0,1,0,1,0,0,0,0,0,0,0,0,0,0,1
2,28.0,0,0,713,12.65,0,0,1,1,0,0,0,0,0,0,0,0,0,0,0,1
3,39.0,0,0,713,7.925,0,0,1,0,1,0,0,0,0,0,0,0,0,0,0,1
3,26.0,0,0,713,8.05,0,0,1,0,1,0,0,0,0,0,0,0,0,0,0,1
3,21.0,1,0,713,9.825,1,0,1,1,0,0,0,0,0,0,0,0,0,0,0,1
3,28.0,1,0,264,15.85,1,0,1,0,1,0,0,0,0,0,0,0,0,0,0,1
3,20.0,0,0,713,8.6625,0,0,1,1,0,0,0,0,0,0,0,0,0,0,0,1
2,34.0,1,0,264,21.0,1,0,1,0,1,0,0,0,0,0,0,0,0,0,0,1
3,51.0,0,0,713,7.75,0,0,1,0,1,0,0,0,0,0,0,0,0,0,0,1
2,3.0,1,1,147,18.75,2,0,1,0,1,0,0,0,0,0,0,0,0,0,0,1
3,21.0,0,0,713,7.775,0,0,1,0,1,0,0,0,0,0,0,0,0,0,0,1
3,28.0,3,1,70,25.4667,4,0,1,1,0,0,0,0,0,0,0,0,0,0,0,1
3,28.0,0,0,713,7.8958,0,0,1,0,1,0,0,0,0,0,0,0,0,0,0,1
3,28.0,0,0,713,6.8583,0,0,1,0,1,0,0,0,0,0,0,0,0,0,1,0
1,33.0,1,0,147,90.0,1,0,1,1,0,0,0,1,0,0,0,0,0,0,1,0
2,28.0,0,0,147,0.0,0,0,1,0,1,0,0,0,0,0,0,0,0,0,0,1
3,44.0,0,0,713,7.925,0,0,1,0,1,0,0,0,0,0,0,0,0,0,0,1
3,28.0,0,0,713,8.05,0,0,1,1,0,0,0,0,0,0,0,0,0,0,0,1
2,34.0,1,1,147,32.5,2,0,1,1,0,0,0,0,0,0,0,0,0,0,0,1
2,18.0,0,2,713,13.0,2,0,1,1,0,0,0,0,0,0,0,0,0,0,0,1
2,30.0,0,0,713,13.0,0,0,1,0,1,0,0,0,0,0,0,0,0,0,0,1
3,10.0,0,2,147,24.15,2,0,1,1,0,0,0,0,0,0,0,0,0,0,0,1
3,28.0,0,0,713,7.8958,0,0,1,0,1,0,0,0,0,0,0,0,0,1,0,0
3,21.0,0,0,713,7.7333,0,0,1,0,1,0,0,0,0,0,0,0,0,0,1,0
3,29.0,0,0,713,7.875,0,0,1,0,1,0,0,0,0,0,0,0,0,0,0,1
3,28.0,1,1,147,14.4,2,0,1,1,0,0,0,0,0,0,0,0,0,0,0,1
3,18.0,1,1,147,20.2125,2,0,1,0,1,0,0,0,0,0,0,0,0,0,0,1
3,28.0,0,0,713,7.25,0,0,1,0,1,0,0,0,0,0,0,0,0,0,0,1
2,28.0,1,0,264,26.0,1,0,1,1,0,0,0,0,0,0,0,0,0,0,0,1
2,19.0,0,0,264,26.0,0,0,1,1,0,0,0,0,0,0,0,0,0,0,0,1
3,28.0,0,0,713,7.75,0,0,1,0,1,0,0,0,0,0,0,0,0,0,1,0
3,32.0,0,0,713,8.05,0,0,1,0,1,0,0,0,0,1,0,0,0,0,0,1
1,28.0,0,0,713,26.55,0,0,1,0,1,0,0,1,0,0,0,0,0,0,0,1
3,28.0,1,0,264,16.1,1,0,1,1,0,0,0,0,0,0,0,0,0,0,0,1
2,42.0,1,0,264,26.0,1,0,1,1,0,0,0,0,0,0,0,0,0,0,0,1
3,17.0,0,0,713,7.125,0,0,1,0,1,0,0,0,0,0,0,0,0,0,0,1
1,50.0,1,0,264,55.9,1,0,1,0,1,0,0,0,0,1,0,0,0,0,0,1
1,14.0,1,2,64,120.0,3,0,1,1,0,0,1,0,0,0,0,0,0,0,0,1
3,21.0,2,2,70,34.375,4,0,1,1,0,0,0,0,0,0,0,0,0,0,0,1
2,24.0,2,3,147,18.75,5,0,1,1,0,0,0,0,0,0,0,0,0,0,0,1
1,64.0,1,4,24,263.0,5,0,1,0,1,0,0,1,0,0,0,0,0,0,0,1
2,31.0,0,0,713,10.5,0,0,1,0,1,0,0,0,0,0,0,0,0,0,0,1
2,45.0,1,1,147,26.25,2,0,1,1,0,0,0,0,0,0,0,0,0,0,0,1
3,20.0,0,0,713,9.5,0,0,1,0,1,0,0,0,0,0,0,0,0,0,0,1
3,25.0,1,0,713,7.775,1,0,1,0,1,0,0,0,0,0,0,0,0,0,0,1
2,28.0,0,0,713,13.0,0,0,1,1,0,0,0,0,0,0,0,0,0,0,0,1
3,28.0,0,0,713,8.1125,0,0,1,0,1,0,0,0,0,0,0,0,0,0,0,1
1,4.0,0,2,147,81.8583,2,0,1,0,1,1,0,0,0,0,0,0,0,0,0,1
2,13.0,0,1,264,19.5,1,0,1,1,0,0,0,0,0,0,0,0,0,0,0,1
1,34.0,0,0,713,26.55,0,0,1,0,1,0,0,0,0,0,0,0,0,0,0,1
3,5.0,2,1,64,19.2583,3,0,1,1,0,0,0,0,0,0,0,0,0,1,0,0
1,52.0,0,0,713,30.5,0,0,1,0,1,0,0,1,0,0,0,0,0,0,0,1
2,36.0,1,2,64,27.75,3,0,1,0,1,0,0,0,0,0,0,0,0,0,0,1
3,28.0,1,0,713,19.9667,1,0,1,0,1,0,0,0,0,0,0,0,0,0,0,1
1,30.0,0,0,713,27.75,0,0,1,0,1,0,0,1,0,0,0,0,0,1,0,0
1,49.0,1,0,264,89.1042,1,0,1,0,1,0,0,1,0,0,0,0,0,1,0,0
3,28.0,0,0,713,8.05,0,0,1,0,1,0,0,0,0,0,0,0,0,0,0,1
3,29.0,0,0,713,7.8958,0,0,1,0,1,0,0,0,0,0,0,0,0,1,0,0
1,65.0,0,0,713,26.55,0,0,1,0,1,0,0,0,0,1,0,0,0,0,0,1
1,28.0,1,0,264,51.8625,1,0,1,1,0,0,0,0,1,0,0,0,0,0,0,1
2,50.0,0,0,713,10.5,0,0,1,1,0,0,0,0,0,0,0,0,0,0,0,1
3,28.0,0,0,713,7.75,0,0,1,0,1,0,0,0,0,0,0,0,0,0,1,0
1,48.0,0,0,713,26.55,0,0,1,0,1,0,0,0,0,1,0,0,0,0,0,1
3,34.0,0,0,713,8.05,0,0,1,0,1,0,0,0,0,0,0,0,0,0,0,1
1,47.0,0,0,713,38.5,0,0,1,0,1,0,0,0,0,1,0,0,0,0,0,1
2,48.0,0,0,713,13.0,0,0,1,0,1,0,0,0,0,0,0,0,0,0,0,1
3,28.0,0,0,713,8.05,0,0,1,0,1,0,0,0,0,0,0,0,0,0,0,1
3,38.0,0,0,713,7.05,0,0,1,0,1,0,0,0,0,0,0,0,0,0,0,1
2,28.0,0,0,147,0.0,0,0,1,0,1,0,0,0,0,0,0,0,0,0,0,1
1,56.0,0,0,713,26.55,0,0,1,0,1,0,0,0,0,0,0,0,0,0,0,1
3,28.0,0,0,713,7.725,0,0,1,0,1,0,0,0,0,0,0,0,0,0,1,0
3,0.75,2,1,64,19.2583,3,0,1,1,0,0,0,0,0,0,0,0,0,1,0,0
3,28.0,0,0,713,7.25,0,0,1,0,1,0,0,0,0,0,0,0,0,0,0,1
3,38.0,0,0,713,8.6625,0,0,1,0,1,0,0,0,0,0,0,0,0,0,0,1
2,33.0,1,2,64,27.75,3,0,1,1,0,0,0,0,0,0,0,0,0,0,0,1
2,23.0,0,0,713,13.7917,0,0,1,1,0,0,0,0,1,0,0,0,0,1,0,0
3,22.0,0,0,713,9.8375,0,0,1,1,0,0,0,0,0,0,0,0,0,0,0,1
1,28.0,0,0,264,52.0,0,0,1,0,1,1,0,0,0,0,0,0,0,0,0,1
2,34.0,1,0,264,21.0,1,0,1,0,1,0,0,0,0,0,0,0,0,0,0,1
3,29.0,1,0,713,7.0458,1,0,1,0,1,0,0,0,0,0,0,0,0,0,0,1
3,22.0,0,0,713,7.5208,0,0,1,0,1,0,0,0,0,0,0,0,0,0,0,1
3,2.0,0,1,264,12.2875,1,0,1,1,0,0,0,0,0,0,0,0,0,0,0,1
3,9.0,5,2,16,46.9,7,0,1,0,1,0,0,0,0,0,0,0,0,0,0,1
2,28.0,0,0,713,0.0,0,0,1,0,1,0,0,0,0,0,0,0,0,0,0,1
3,50.0,0,0,713,8.05,0,0,1,0,1,0,0,0,0,0,0,0,0,0,0,1
3,63.0,0,0,713,9.5875,0,0,1,1,0,0,0,0,0,0,0,0,0,0,0,1
1,25.0,1,0,264,91.0792,1,0,1,0,1,0,1,0,0,0,0,0,0,1,0,0
3,28.0,3,1,70,25.4667,4,0,1,1,0,0,0,0,0,0,0,0,0,0,0,1
1,35.0,1,0,264,90.0,1,0,1,1,0,0,0,1,0,0,0,0,0,0,0,1
1,58.0,0,0,713,29.7,0,0,1,0,1,0,1,0,0,0,0,0,0,1,0,0
3,30.0,0,0,713,8.05,0,0,1,0,1,0,0,0,0,0,0,0,0,0,0,1
3,9.0,1,1,147,15.9,2,0,1,0,1,0,0,0,0,0,0,0,0,0,0,1
3,28.0,1,0,713,19.9667,1,0,1,0,1,0,0,0,0,0,0,0,0,0,0,1
3,21.0,0,0,713,7.25,0,0,1,0,1,0,0,0,0,0,0,0,0,0,0,1
1,55.0,0,0,713,30.5,0,0,1,0,1,0,0,1,0,0,0,0,0,0,0,1
1,71.0,0,0,713,49.5042,0,0,1,0,1,0,0,0,0,0,0,0,0,1,0,0
3,21.0,0,0,713,8.05,0,0,1,0,1,0,0,0,0,0,0,0,0,0,0,1
3,28.0,0,0,264,14.4583,0,0,1,0,1,0,0,0,0,0,0,0,0,1,0,0
1,54.0,1,0,264,78.2667,1,0,1,1,0,0,0,0,1,0,0,0,0,1,0,0
3,28.0,0,0,264,15.1,0,0,1,0,1,0,0,0,0,0,0,0,0,0,0,1
1,25.0,1,2,24,151.55,3,0,1,1,0,0,0,1,0,0,0,0,0,0,0,1
3,24.0,0,0,713,7.7958,0,0,1,0,1,0,0,0,0,0,0,0,0,0,0,1
3,17.0,0,0,713,8.6625,0,0,1,0,1,0,0,0,0,0,0,0,0,0,0,1
3,21.0,0,0,713,7.75,0,0,1,1,0,0,0,0,0,0,0,0,0,0,1,0
3,28.0,0,0,713,7.6292,0,0,1,1,0,0,0,0,0,0,0,0,0,0,1,0
3,37.0,0,0,713,9.5875,0,0,1,1,0,0,0,0,0,0,0,0,0,0,0,1
1,16.0,0,0,147,86.5,0,0,1,1,0,0,1,0,0,0,0,0,0,0,0,1
1,18.0,1,0,147,108.9,1,0,1,0,1,0,0,1,0,0,0,0,0,1,0,0
2,33.0,0,2,147,26.0,2,0,1,1,0,0,0,0,0,0,0,0,0,0,0,1
1,28.0,0,0,713,26.55,0,0,1,0,1,0,0,0,0,0,0,0,0,0,0,1
3,28.0,0,0,147,22.525,0,0,1,0,1,0,0,0,0,0,0,0,0,0,0,1
3,26.0,0,0,16,56.4958,0,0,1,0,1,0,0,0,0,0,0,0,0,0,0,1
3,29.0,0,0,713,7.75,0,0,1,0,1,0,0,0,0,0,0,0,0,0,1,0
3,28.0,0,0,713,8.05,0,0,1,0,1,0,0,0,0,0,0,0,0,0,0,1
1,36.0,0,0,713,26.2875,0,0,1,0,1,0,0,0,0,1,0,0,0,0,0,1
1,54.0,1,0,264,59.4,1,0,1,1,0,0,0,0,0,0,0,0,0,1,0,0
3,24.0,0,0,713,7.4958,0,0,1,0,1,0,0,0,0,0,0,0,0,0,0,1
1,47.0,0,0,713,34.0208,0,0,1,0,1,0,0,0,1,0,0,0,0,0,0,1
2,34.0,0,0,713,10.5,0,0,1,1,0,0,0,0,0,0,1,0,0,0,0,1
3,28.0,0,0,147,24.15,0,0,1,0,1,0,0,0,0,0,0,0,0,0,1,0
2,36.0,1,0,264,26.0,1,0,1,1,0,0,0,0,0,0,0,0,0,0,0,1
3,32.0,0,0,713,7.8958,0,0,1,0,1,0,0,0,0,0,0,0,0,0,0,1
1,30.0,0,0,64,93.5,0,0,1,1,0,0,1,0,0,0,0,0,0,0,0,1
3,22.0,0,0,713,7.8958,0,0,1,0,1,0,0,0,0,0,0,0,0,0,0,1
3,28.0,0,0,713,7.225,0,0,1,0,1,0,0,0,0,0,0,0,0,1,0,0
1,44.0,0,1,264,57.9792,1,0,1,1,0,0,1,0,0,0,0,0,0,1,0,0
3,28.0,0,0,713,7.2292,0,0,1,0,1,0,0,0,0,0,0,0,0,1,0,0
3,40.5,0,0,713,7.75,0,0,1,0,1,0,0,0,0,0,0,0,0,0,1,0
2,50.0,0,0,713,10.5,0,0,1,1,0,0,0,0,0,0,0,0,0,0,0,1
1,28.0,0,0,64,221.7792,0,0,1,0,1,0,0,1,0,0,0,0,0,0,0,1
3,39.0,0,0,713,7.925,0,0,1,0,1,0,0,0,0,0,0,0,0,0,0,1
2,23.0,2,1,713,11.5,3,0,1,0,1,0,0,0,0,0,0,0,0,0,0,1
2,2.0,1,1,147,26.0,2,0,1,1,0,0,0,0,0,0,0,0,0,0,0,1
3,28.0,0,0,713,7.2292,0,0,1,0,1,0,0,0,0,0,0,0,0,1,0,0
3,17.0,1,1,713,7.2292,2,0,1,0,1,0,0,0,0,0,0,0,0,1,0,0
3,28.0,0,2,147,22.3583,2,0,1,1,0,0,0,0,0,0,0,0,0,1,0,0
3,30.0,0,0,713,8.6625,0,0,1,1,0,0,0,0,0,0,0,0,0,0,0,1
2,7.0,0,2,147,26.25,2,0,1,1,0,0,0,0,0,0,0,0,0,0,0,1
1,45.0,0,0,713,26.55,0,0,1,0,1,0,1,0,0,0,0,0,0,0,0,1
1,30.0,0,0,147,106.425,0,0,1,1,0,0,0,0,0,0,0,0,0,1,0,0
3,28.0,0,0,264,14.5,0,0,1,0,1,0,0,0,0,0,0,0,0,0,0,1
1,22.0,0,2,713,49.5,2,0,1,1,0,0,1,0,0,0,0,0,0,1,0,0
1,36.0,0,2,264,71.0,2,0,1,1,0,0,1,0,0,0,0,0,0,0,0,1
3,9.0,4,2,70,31.275,6,0,1,1,0,0,0,0,0,0,0,0,0,0,0,1
3,11.0,4,2,70,31.275,6,0,1,1,0,0,0,0,0,0,0,0,0,0,0,1
2,32.0,1,0,264,26.0,1,0,1,0,1,0,0,0,0,0,0,0,0,0,0,1
1,50.0,1,0,147,106.425,1,0,1,0,1,0,0,1,0,0,0,0,0,1,0,0
1,64.0,0,0,713,26.0,0,0,1,0,1,0,0,0,0,0,0,0,0,0,0,1
2,19.0,1,0,264,26.0,1,0,1,1,0,0,0,0,0,0,0,0,0,0,0,1
2,28.0,0,0,713,13.8625,0,0,1,0,1,0,0,0,0,0,0,0,0,1,0,0
3,33.0,1,1,147,20.525,2,0,1,0,1,0,0,0,0,0,0,0,0,0,0,1
2,8.0,1,1,64,36.75,2,0,1,0,1,0,0,0,0,0,0,0,0,0,0,1
1,17.0,0,2,64,110.8833,2,0,1,0,1,0,0,1,0,0,0,0,0,1,0,0
2,27.0,0,0,264,26.0,0,0,1,0,1,0,0,0,0,0,0,0,0,0,0,1
3,28.0,0,0,713,7.8292,0,0,1,0,1,0,0,0,0,0,0,0,0,0,1,0
3,22.0,0,0,713,7.225,0,0,1,0,1,0,0,0,0,0,0,0,0,1,0,0
3,22.0,0,0,713,7.775,0,0,1,1,0,0,0,0,0,0,0,0,0,0,0,1
1,62.0,0,0,713,26.55,0,0,1,0,1,0,0,0,0,0,0,0,0,0,0,1
1,48.0,1,0,713,39.6,1,0,1,1,0,1,0,0,0,0,0,0,0,1,0,0
1,28.0,0,0,70,227.525,0,0,1,0,1,0,0,0,0,0,0,0,0,1,0,0
1,39.0,1,1,147,79.65,2,0,1,1,0,0,0,0,0,1,0,0,0,0,0,1
3,36.0,1,0,264,17.4,1,0,1,1,0,0,0,0,0,0,0,0,0,0,0,1
3,28.0,0,0,713,7.75,0,0,1,0,1,0,0,0,0,0,0,0,0,0,1,0
3,40.0,0,0,713,7.8958,0,0,1,0,1,0,0,0,0,0,0,0,0,0,0,1
2,28.0,0,0,713,13.5,0,0,1,0,1,0,0,0,0,0,0,0,0,0,0,1
3,28.0,0,0,713,8.05,0,0,1,0,1,0,0,0,0,0,0,0,0,0,0,1
3,28.0,0,0,713,8.05,0,0,1,1,0,0,0,0,0,0,0,0,0,0,0,1
3,24.0,2,0,147,24.15,2,0,1,0,1,0,0,0,0,0,0,0,0,0,0,1
3,19.0,0,0,713,7.8958,0,0,1,0,1,0,0,0,0,0,0,0,0,0,0,1
3,29.0,0,4,70,21.075,4,0,1,1,0,0,0,0,0,0,0,0,0,0,0,1
3,28.0,0,0,713,7.2292,0,0,1,0,1,0,0,0,0,0,0,0,0,1,0,0
3,32.0,0,0,713,7.8542,0,0,1,0,1,0,0,0,0,0,0,0,0,0,0,1
2,62.0,0,0,713,10.5,0,0,1,0,1,0,0,0,0,0,0,0,0,0,0,1
1,53.0,2,0,264,51.4792,2,0,1,1,0,0,0,1,0,0,0,0,0,0,0,1
1,36.0,0,0,713,26.3875,0,0,1,0,1,0,0,0,0,1,0,0,0,0,0,1
3,28.0,0,0,713,7.75,0,0,1,1,0,0,0,0,0,0,0,0,0,0,1,0
3,16.0,0,0,713,8.05,0,0,1,0,1,0,0,0,0,0,0,0,0,0,0,1
3,19.0,0,0,264,14.5,0,0,1,0,1,0,0,0,0,0,0,0,0,0,0,1
2,34.0,0,0,713,13.0,0,0,1,1,0,0,0,0,0,0,0,0,0,0,0,1
1,39.0,1,0,264,55.9,1,0,1,1,0,0,0,0,0,1,0,0,0,0,0,1
3,28.0,1,0,264,14.4583,1,0,1,1,0,0,0,0,0,0,0,0,0,1,0,0
3,32.0,0,0,713,7.925,0,0,1,0,1,0,0,0,0,0,0,0,0,0,0,1
2,25.0,1,1,264,30.0,2,0,1,1,0,0,0,0,0,0,0,0,0,0,0,1
1,39.0,1,1,64,110.8833,2,0,1,1,0,0,0,1,0,0,0,0,0,1,0,0
2,54.0,0,0,264,26.0,0,0,1,0,1,0,0,0,0,0,0,0,0,0,0,1
1,36.0,0,0,713,40.125,0,0,1,0,1,1,0,0,0,0,0,0,0,1,0,0
3,28.0,0,0,713,8.7125,0,0,1,0,1,0,0,0,0,0,0,0,0,1,0,0
1,18.0,0,2,147,79.65,2,0,1,1,0,0,0,0,0,1,0,0,0,0,0,1
2,47.0,0,0,713,15.0,0,0,1,0,1,0,0,0,0,0,0,0,0,0,0,1
1,60.0,1,1,264,79.2,2,0,1,0,1,0,1,0,0,0,0,0,0,1,0,0
3,22.0,0,0,713,8.05,0,0,1,0,1,0,0,0,0,0,0,0,0,0,0,1
3,28.0,0,0,713,8.05,0,0,1,0,1,0,0,0,0,0,0,0,0,0,0,1
3,35.0,0,0,713,7.125,0,0,1,0,1,0,0,0,0,0,0,0,0,0,0,1
1,52.0,1,0,264,78.2667,1,0,1,1,0,0,0,0,1,0,0,0,0,1,0,0
3,47.0,0,0,713,7.25,0,0,1,0,1,0,0,0,0,0,0,0,0,0,0,1
3,28.0,0,2,713,7.75,2,0,1,1,0,0,0,0,0,0,0,0,0,0,1,0
2,37.0,1,0,264,26.0,1,0,1,0,1,0,0,0,0,0,0,0,0,0,0,1
3,36.0,1,1,147,24.15,2,0,1,0,1,0,0,0,0,0,0,0,0,0,0,1
2,28.0,0,0,147,33.0,0,0,1,1,0,0,0,0,0,0,0,0,0,0,0,1
3,49.0,0,0,64,0.0,0,0,1,0,1,0,0,0,0,0,0,0,0,0,0,1
3,28.0,0,0,713,7.225,0,0,1,0,1,0,0,0,0,0,0,0,0,1,0,0
1,49.0,1,0,264,56.9292,1,0,1,0,1,1,0,0,0,0,0,0,0,1,0,0
2,24.0,2,1,264,27.0,3,0,1,1,0,0,0,0,0,0,0,0,0,0,0,1
3,28.0,0,0,713,7.8958,0,0,1,0,1,0,0,0,0,0,0,0,0,0,0,1
1,28.0,0,0,264,42.4,0,0,1,0,1,0,0,0,0,0,0,0,0,0,0,1
3,44.0,0,0,713,8.05,0,0,1,0,1,0,0,0,0,0,0,0,0,0,0,1
1,35.0,0,0,713,26.55,0,0,1,0,1,0,0,0,0,0,0,0,0,1,0,0
3,36.0,1,0,264,15.55,1,0,1,0,1,0,0,0,0,0,0,0,0,0,0,1
3,30.0,0,0,713,7.8958,0,0,1,0,1,0,0,0,0,0,0,0,0,0,0,1
1,27.0,0,0,713,30.5,0,0,1,0,1,0,0,0,0,0,0,0,0,0,0,1
2,22.0,1,2,64,41.5792,3,0,1,1,0,0,0,0,0,0,0,0,0,1,0,0
1,40.0,0,0,147,153.4625,0,0,1,1,0,0,0,1,0,0,0,0,0,0,0,1
3,39.0,1,5,70,31.275,6,0,1,1,0,0,0,0,0,0,0,0,0,0,0,1
3,28.0,0,0,713,7.05,0,0,1,0,1,0,0,0,0,0,0,0,0,0,0,1
3,28.0,1,0,264,15.5,1,0,1,1,0,0,0,0,0,0,0,0,0,0,1,0
3,28.0,0,0,713,7.75,0,0,1,0,1,0,0,0,0,0,0,0,0,0,1,0
3,35.0,0,0,713,8.05,0,0,1,0,1,0,0,0,0,0,0,0,0,0,0,1
2,24.0,1,2,70,65.0,3,0,1,1,0,0,0,0,0,0,0,0,0,0,0,1
3,34.0,1,1,147,14.4,2,0,1,0,1,0,0,0,0,0,0,0,0,0,0,1
3,26.0,1,0,264,16.1,1,0,1,1,0,0,0,0,0,0,0,0,0,0,0,1
2,4.0,2,1,64,39.0,3,0,1,1,0,0,0,0,0,0,1,0,0,0,0,1
2,26.0,0,0,713,10.5,0,0,1,0,1,0,0,0,0,0,0,0,0,0,0,1
3,27.0,1,0,264,14.4542,1,0,1,0,1,0,0,0,0,0,0,0,0,1,0,0
1,42.0,1,0,264,52.5542,1,0,1,0,1,0,0,0,1,0,0,0,0,0,0,1
3,20.0,1,1,147,15.7417,2,0,1,0,1,0,0,0,0,0,0,0,0,1,0,0
3,21.0,0,0,713,7.8542,0,0,1,0,1,0,0,0,0,0,0,0,0,0,0,1
3,21.0,0,0,264,16.1,0,0,1,0,1,0,0,0,0,0,0,0,0,0,0,1
1,61.0,0,0,713,32.3208,0,0,1,0,1,0,0,0,1,0,0,0,0,0,0,1
2,57.0,0,0,713,12.35,0,0,1,0,1,0,0,0,0,0,0,0,0,0,1,0
1,21.0,0,0,147,77.9583,0,0,1,1,0,0,0,0,1,0,0,0,0,0,0,1
3,26.0,0,0,713,7.8958,0,0,1,0,1,0,0,0,0,0,0,0,0,0,0,1
3,28.0,0,0,713,7.7333,0,0,1,0,1,0,0,0,0,0,0,0,0,0,1,0
1,80.0,0,0,713,30.0,0,0,1,0,1,1,0,0,0,0,0,0,0,0,0,1
3,51.0,0,0,713,7.0542,0,0,1,0,1,0,0,0,0,0,0,0,0,0,0,1
1,32.0,0,0,713,30.5,0,0,1,0,1,0,1,0,0,0,0,0,0,1,0,0
1,28.0,0,0,713,0.0,0,0,1,0,1,0,0,0,0,0,0,0,0,0,0,1
3,9.0,3,2,24,27.9,5,0,1,1,0,0,0,0,0,0,0,0,0,0,0,1
2,28.0,0,0,713,13.0,0,0,1,1,0,0,0,0,0,0,0,0,0,0,0,1
3,32.0,0,0,713,7.925,0,0,1,0,1,0,0,0,0,0,0,0,0,0,0,1
2,31.0,1,1,147,26.25,2,0,1,0,1,0,0,0,0,0,0,0,0,0,0,1
3,41.0,0,5,70,39.6875,5,0,1,1,0,0,0,0,0,0,0,0,0,0,0,1
3,28.0,1,0,264,16.1,1,0,1,0,1,0,0,0,0,0,0,0,0,0,0,1
3,20.0,0,0,713,7.8542,0,0,1,0,1,0,0,0,0,0,0,0,0,0,0,1
1,24.0,0,0,264,69.3,0,0,1,1,0,0,1,0,0,0,0,0,0,1,0,0
3,2.0,3,2,24,27.9,5,0,1,1,0,0,0,0,0,0,0,0,0,0,0,1
3,28.0,0,0,16,56.4958,0,0,1,0,1,0,0,0,0,0,0,0,0,0,0,1
3,0.75,2,1,64,19.2583,3,0,1,1,0,0,0,0,0,0,0,0,0,1,0,0
1,48.0,1,0,147,76.7292,1,0,1,0,1,0,0,0,1,0,0,0,0,1,0,0
3,19.0,0,0,713,7.8958,0,0,1,0,1,0,0,0,0,0,0,0,0,0,0,1
1,56.0,0,0,713,35.5,0,0,1,0,1,1,0,0,0,0,0,0,0,1,0,0
3,28.0,0,0,713,7.55,0,0,1,0,1,0,0,0,0,0,0,0,0,0,0,1
3,23.0,0,0,713,7.55,0,0,1,1,0,0,0,0,0,0,0,0,0,0,0,1
3,28.0,0,0,713,7.8958,0,0,1,0,1,0,0,0,0,0,0,0,0,0,0,1
2,18.0,0,1,264,23.0,1,0,1,1,0,0,0,0,0,0,0,0,0,0,0,1
3,21.0,0,0,713,8.4333,0,0,1,0,1,0,0,0,0,0,0,0,0,0,0,1
3,28.0,0,0,713,7.8292,0,0,1,1,0,0,0,0,0,0,0,0,0,0,1,0
3,18.0,0,0,713,6.75,0,0,1,1,0,0,0,0,0,0,0,0,0,0,1,0
2,24.0,2,0,70,73.5,2,0,1,0,1,0,0,0,0,0,0,0,0,0,0,1
3,28.0,0,0,713,7.8958,0,0,1,0,1,0,0,0,0,0,0,0,0,0,0,1
3,32.0,1,1,264,15.5,2,0,1,1,0,0,0,0,0,0,0,0,0,0,1,0
2,23.0,0,0,713,13.0,0,0,1,0,1,0,0,0,0,0,0,0,0,0,0,1
1,58.0,0,2,147,113.275,2,0,1,0,1,0,0,0,1,0,0,0,0,1,0,0
1,50.0,2,0,264,133.65,2,0,1,0,1,0,0,0,0,0,0,0,0,0,0,1
3,40.0,0,0,713,7.225,0,0,1,0,1,0,0,0,0,0,0,0,0,1,0,0
1,47.0,0,0,713,25.5875,0,0,1,0,1,0,0,0,0,1,0,0,0,0,0,1
3,36.0,0,0,713,7.4958,0,0,1,0,1,0,0,0,0,0,0,0,0,0,0,1
3,20.0,1,0,713,7.925,1,0,1,0,1,0,0,0,0,0,0,0,0,0,0,1
2,32.0,2,0,70,73.5,2,0,1,0,1,0,0,0,0,0,0,0,0,0,0,1
2,25.0,0,0,713,13.0,0,0,1,0,1,0,0,0,0,0,0,0,0,0,0,1
3,28.0,0,0,713,7.775,0,0,1,0,1,0,0,0,0,0,0,0,0,0,0,1
3,43.0,0,0,713,8.05,0,0,1,0,1,0,0,0,0,0,0,0,0,0,0,1
1,28.0,1,0,264,52.0,1,0,1,1,0,0,0,1,0,0,0,0,0,0,0,1
2,40.0,1,1,147,39.0,2,0,1,1,0,0,0,0,0,0,0,0,0,0,0,1
1,31.0,1,0,264,52.0,1,0,1,0,1,0,1,0,0,0,0,0,0,0,0,1
2,70.0,0,0,713,10.5,0,0,1,0,1,0,0,0,0,0,0,0,0,0,0,1
2,31.0,0,0,713,13.0,0,0,1,0,1,0,0,0,0,0,0,0,0,0,0,1
2,28.0,0,0,713,0.0,0,0,1,0,1,0,0,0,0,0,0,0,0,0,0,1
3,18.0,0,0,713,7.775,0,0,1,0,1,0,0,0,0,0,0,0,0,0,0,1
3,24.5,0,0,713,8.05,0,0,1,0,1,0,0,0,0,0,0,0,0,0,0,1
3,18.0,0,0,713,9.8417,0,0,1,1,0,0,0,0,0,0,0,0,0,0,0,1
3,43.0,1,6,16,46.9,7,0,1,1,0,0,0,0,0,0,0,0,0,0,0,1
1,36.0,0,1,64,512.3292,1,0,1,0,1,0,1,0,0,0,0,0,0,1,0,0
3,28.0,0,0,713,8.1375,0,0,1,1,0,0,0,0,0,0,0,0,0,0,1,0
1,27.0,0,0,147,76.7292,0,0,1,0,1,0,0,0,1,0,0,0,0,1,0,0
3,20.0,0,0,713,9.225,0,0,1,0,1,0,0,0,0,0,0,0,0,0,0,1
3,14.0,5,2,16,46.9,7,0,1,0,1,0,0,0,0,0,0,0,0,0,0,1
2,60.0,1,1,147,39.0,2,0,1,0,1,0,0,0,0,0,0,0,0,0,0,1
2,25.0,1,2,64,41.5792,3,0,1,0,1,0,0,0,0,0,0,0,0,1,0,0
3,14.0,4,1,70,39.6875,5,0,1,0,1,0,0,0,0,0,0,0,0,0,0,1
3,19.0,0,0,713,10.1708,0,0,1,0,1,0,0,0,0,0,0,0,0,0,0,1
3,18.0,0,0,713,7.7958,0,0,1,0,1,0,0,0,0,0,0,0,0,0,0,1
1,15.0,0,1,64,211.3375,1,0,1,1,0,0,1,0,0,0,0,0,0,0,0,1
1,31.0,1,0,264,57.0,1,0,1,0,1,0,1,0,0,0,0,0,0,0,0,1
3,4.0,0,1,264,13.4167,1,0,1,1,0,0,0,0,0,0,0,0,0,1,0,0
3,28.0,0,0,16,56.4958,0,0,1,0,1,0,0,0,0,0,0,0,0,0,0,1
3,25.0,0,0,713,7.225,0,0,1,0,1,0,0,0,0,0,0,0,0,1,0,0
1,60.0,0,0,713,26.55,0,0,1,0,1,0,0,0,0,0,0,0,0,0,0,1
2,52.0,0,0,713,13.5,0,0,1,0,1,0,0,0,0,0,0,0,0,0,0,1
3,44.0,0,0,713,8.05,0,1,0,0,1,0,0,0,0,0,0,0,0,0,0,1
3,28.0,0,0,713,7.7333,0,0,1,1,0,0,0,0,0,0,0,0,0,0,1,0
1,49.0,1,1,64,110.8833,2,0,1,0,1,0,0,1,0,0,0,0,0,1,0,0
3,42.0,0,0,713,7.65,0,0,1,0,1,0,0,0,0,0,1,0,0,0,0,1
1,18.0,1,0,70,227.525,1,0,1,1,0,0,0,1,0,0,0,0,0,1,0,0
1,35.0,0,0,713,26.2875,0,0,1,0,1,0,0,0,0,1,0,0,0,0,0,1
3,18.0,0,1,264,14.4542,1,0,1,1,0,0,0,0,0,0,0,0,0,1,0,0
3,25.0,0,0,713,7.7417,0,0,1,0,1,0,0,0,0,0,0,0,0,0,1,0
3,26.0,1,0,713,7.8542,1,0,1,0,1,0,0,0,0,0,0,0,0,0,0,1
2,39.0,0,0,264,26.0,0,0,1,0,1,0,0,0,0,0,0,0,0,0,0,1
2,45.0,0,0,713,13.5,0,0,1,1,0,0,0,0,0,0,0,0,0,0,0,1
1,42.0,0,0,713,26.2875,0,0,1,0,1,0,0,0,0,1,0,0,0,0,0,1
1,22.0,0,0,24,151.55,0,0,1,1,0,0,0,0,0,0,0,0,0,0,0,1
3,28.0,1,1,147,15.2458,2,0,1,0,1,0,0,0,0,0,0,0,0,1,0,0
1,24.0,0,0,713,49.5042,0,0,1,1,0,0,0,1,0,0,0,0,0,1,0,0
1,28.0,0,0,713,26.55,0,0,1,0,1,0,0,1,0,0,0,0,0,0,0,1
1,48.0,1,0,264,52.0,1,0,1,0,1,0,0,1,0,0,0,0,0,0,0,1
3,29.0,0,0,713,9.4833,0,0,1,0,1,0,0,0,0,0,0,0,0,0,0,1
2,52.0,0,0,264,13.0,0,0,1,0,1,0,0,0,0,0,0,0,0,0,0,1
3,19.0,0,0,713,7.65,0,0,1,0,1,0,0,0,0,0,1,0,0,0,0,1
1,38.0,0,0,70,227.525,0,0,1,1,0,0,0,1,0,0,0,0,0,1,0,0
2,27.0,0,0,713,10.5,0,0,1,1,0,0,0,0,0,1,0,0,0,0,0,1
3,28.0,0,0,264,15.5,0,0,1,0,1,0,0,0,0,0,0,0,0,0,1,0
3,33.0,0,0,713,7.775,0,0,1,0,1,0,0,0,0,0,0,0,0,0,0,1
2,6.0,0,1,147,33.0,1,0,1,1,0,0,0,0,0,0,0,0,0,0,0,1
3,17.0,1,0,713,7.0542,1,0,1,0,1,0,0,0,0,0,0,0,0,0,0,1
2,34.0,0,0,713,13.0,0,0,1,0,1,0,0,0,0,0,0,0,0,0,0,1
2,50.0,0,0,713,13.0,0,0,1,0,1,0,0,0,0,0,0,0,0,0,0,1
1,27.0,1,0,264,53.1,1,0,1,0,1,0,0,0,0,1,0,0,0,0,0,1
3,20.0,0,0,713,8.6625,0,0,1,0,1,0,0,0,0,0,0,0,0,0,0,1
2,30.0,3,0,264,21.0,3,0,1,1,0,0,0,0,0,0,0,0,0,0,0,1
3,28.0,0,0,713,7.7375,0,0,1,1,0,0,0,0,0,0,0,0,0,0,1,0
2,25.0,1,0,264,26.0,1,0,1,0,1,0,0,0,0,0,0,0,0,0,0,1
3,25.0,1,0,713,7.925,1,0,1,1,0,0,0,0,0,0,0,0,0,0,0,1
1,29.0,0,0,64,211.3375,0,0,1,1,0,0,1,0,0,0,0,0,0,0,0,1
3,11.0,0,0,264,18.7875,0,0,1,0,1,0,0,0,0,0,0,0,0,1,0,0
2,28.0,0,0,713,0.0,0,0,1,0,1,0,0,0,0,0,0,0,0,0,0,1
2,23.0,0,0,713,13.0,0,0,1,0,1,0,0,0,0,0,0,0,0,0,0,1
2,23.0,0,0,713,13.0,0,0,1,0,1,0,0,0,0,0,0,0,0,0,0,1
3,28.5,0,0,264,16.1,0,0,1,0,1,0,0,0,0,0,0,0,0,0,0,1
3,48.0,1,3,70,34.375,4,0,1,1,0,0,0,0,0,0,0,0,0,0,0,1
1,35.0,0,0,64,512.3292,0,0,1,0,1,0,1,0,0,0,0,0,0,1,0,0
3,28.0,0,0,713,7.8958,0,0,1,0,1,0,0,0,0,0,0,0,0,0,0,1
3,28.0,0,0,713,7.8958,0,0,1,0,1,0,0,0,0,0,0,0,0,0,0,1
1,28.0,0,0,713,30.0,0,0,1,0,1,0,0,0,1,0,0,0,0,0,0,1
1,36.0,1,0,147,78.85,1,0,1,0,1,0,0,1,0,0,0,0,0,0,0,1
1,21.0,2,2,70,262.375,4,0,1,1,0,0,1,0,0,0,0,0,0,1,0,0
3,24.0,1,0,264,16.1,1,0,1,0,1,0,0,0,0,0,0,0,0,0,0,1
3,31.0,0,0,713,7.925,0,0,1,0,1,0,0,0,0,0,0,0,0,0,0,1
1,70.0,1,1,264,71.0,2,0,1,0,1,0,1,0,0,0,0,0,0,0,0,1
3,16.0,1,1,147,20.25,2,0,1,0,1,0,0,0,0,0,0,0,0,0,0,1
2,30.0,0,0,713,13.0,0,0,1,1,0,0,0,0,0,0,0,0,0,0,0,1
1,19.0,1,0,264,53.1,1,0,1,0,1,0,0,0,1,0,0,0,0,0,0,1
3,31.0,0,0,713,7.75,0,0,1,0,1,0,0,0,0,0,0,0,0,0,1,0
2,4.0,1,1,147,23.0,2,0,1,1,0,0,0,0,0,0,0,0,0,0,0,1
3,6.0,0,1,264,12.475,1,0,1,0,1,0,0,0,0,1,0,0,0,0,0,1
3,33.0,0,0,713,9.5,0,0,1,0,1,0,0,0,0,0,0,0,0,0,0,1
3,23.0,0,0,713,7.8958,0,0,1,0,1,0,0,0,0,0,0,0,0,0,0,1
2,48.0,1,2,70,65.0,3,0,1,1,0,0,0,0,0,0,0,0,0,0,0,1
2,0.67,1,1,264,14.5,2,0,1,0,1,0,0,0,0,0,0,0,0,0,0,1
3,28.0,0,0,713,7.7958,0,0,1,0,1,0,0,0,0,0,0,0,0,0,0,1
2,18.0,0,0,713,11.5,0,0,1,0,1,0,0,0,0,0,0,0,0,0,0,1
3,34.0,0,0,713,8.05,0,0,1,0,1,0,0,0,0,0,0,0,0,0,0,1
1,33.0,0,0,147,86.5,0,0,1,1,0,0,1,0,0,0,0,0,0,0,0,1
3,28.0,0,0,264,14.5,0,0,1,0,1,0,0,0,0,0,0,0,0,0,0,1
3,41.0,0,0,713,7.125,0,0,1,0,1,0,0,0,0,0,0,0,0,0,0,1
3,20.0,0,0,713,7.2292,0,0,1,0,1,0,0,0,0,0,0,0,0,1,0,0
1,36.0,1,2,64,120.0,3,0,1,1,0,0,1,0,0,0,0,0,0,0,0,1
3,16.0,0,0,713,7.775,0,0,1,0,1,0,0,0,0,0,0,0,0,0,0,1
1,51.0,1,0,147,77.9583,1,0,1,1,0,0,0,0,1,0,0,0,0,0,0,1
1,28.0,0,0,713,39.6,0,0,1,0,1,0,0,0,0,0,0,0,0,1,0,0
3,30.5,0,0,713,7.75,0,0,1,1,0,0,0,0,0,0,0,0,0,0,1,0
3,28.0,1,0,147,24.15,1,0,1,0,1,0,0,0,0,0,0,0,0,0,1,0
3,32.0,0,0,713,8.3625,0,0,1,0,1,0,0,0,0,0,0,0,0,0,0,1
3,24.0,0,0,713,9.5,0,0,1,0,1,0,0,0,0,0,0,0,0,0,0,1
3,48.0,0,0,713,7.8542,0,0,1,0,1,0,0,0,0,0,0,0,0,0,0,1
2,57.0,0,0,264,10.5,0,0,1,1,0,0,0,0,0,1,0,0,0,0,0,1
3,28.0,0,0,713,7.225,0,0,1,0,1,0,0,0,0,0,0,0,0,1,0,0
2,54.0,1,3,264,23.0,4,0,1,1,0,0,0,0,0,0,0,0,0,0,0,1
3,18.0,0,0,713,7.75,0,0,1,0,1,0,0,0,0,0,0,0,0,0,0,1
3,28.0,0,0,713,7.75,0,0,1,0,1,0,0,0,0,0,1,0,0,0,1,0
3,5.0,0,0,264,12.475,0,0,1,1,0,0,0,0,0,0,0,0,0,0,0,1
3,28.0,0,0,713,7.7375,0,0,1,0,1,0,0,0,0,0,0,0,0,0,1,0
1,43.0,0,1,64,211.3375,1,0,1,1,0,0,1,0,0,0,0,0,0,0,0,1
3,13.0,0,0,713,7.2292,0,0,1,1,0,0,0,0,0,0,0,0,0,1,0,0
1,17.0,1,0,264,57.0,1,0,1,1,0,0,1,0,0,0,0,0,0,0,0,1
1,29.0,0,0,713,30.0,0,0,1,0,1,0,0,0,1,0,0,0,0,0,0,1
3,28.0,1,2,64,23.45,3,0,1,0,1,0,0,0,0,0,0,0,0,0,0,1
3,25.0,0,0,713,7.05,0,0,1,0,1,0,0,0,0,0,0,0,0,0,0,1
3,25.0,0,0,713,7.25,0,0,1,0,1,0,0,0,0,0,0,0,0,0,0,1
3,18.0,0,0,713,7.4958,0,0,1,1,0,0,0,0,0,0,0,0,0,0,0,1
3,8.0,4,1,24,29.125,5,0,1,0,1,0,0,0,0,0,0,0,0,0,1,0
3,1.0,1,2,64,20.575,3,0,1,0,1,0,0,0,0,0,0,0,0,0,0,1
1,46.0,0,0,264,79.2,0,0,1,0,1,0,1,0,0,0,0,0,0,1,0,0
3,28.0,0,0,713,7.75,0,0,1,0,1,0,0,0,0,0,0,0,0,0,1,0
2,16.0,0,0,264,26.0,0,0,1,0,1,0,0,0,0,0,0,0,0,0,0,1
3,28.0,8,2,11,69.55,10,0,1,1,0,0,0,0,0,0,0,0,0,0,0,1
1,28.0,0,0,713,30.6958,0,0,1,0,1,0,0,0,0,0,0,0,0,1,0,0
3,25.0,0,0,713,7.8958,0,0,1,0,1,0,0,0,0,0,0,0,0,0,0,1
2,39.0,0,0,713,13.0,0,0,1,0,1,0,0,0,0,0,0,0,0,0,0,1
1,49.0,0,0,713,25.9292,0,0,1,1,0,0,0,0,1,0,0,0,0,0,0,1
3,31.0,0,0,713,8.6833,0,0,1,1,0,0,0,0,0,0,0,0,0,0,0,1
3,30.0,0,0,713,7.2292,0,0,1,0,1,0,0,0,0,0,0,0,0,1,0,0
3,30.0,1,1,147,24.15,2,0,1,1,0,0,0,0,0,0,0,0,0,0,0,1
2,34.0,0,0,264,13.0,0,0,1,0,1,0,0,0,0,0,0,0,0,0,0,1
2,31.0,1,1,147,26.25,2,0,1,1,0,0,0,0,0,0,0,0,0,0,0,1
1,11.0,1,2,64,120.0,3,0,1,0,1,0,1,0,0,0,0,0,0,0,0,1
3,0.42,0,1,264,8.5167,1,0,1,0,1,0,0,0,0,0,0,0,0,1,0,0
3,27.0,0,0,713,6.975,0,0,1,0,1,0,0,0,0,0,0,0,0,0,0,1
3,31.0,0,0,713,7.775,0,0,1,0,1,0,0,0,0,0,0,0,0,0,0,1
1,39.0,0,0,713,0.0,0,0,1,0,1,1,0,0,0,0,0,0,0,0,0,1
3,18.0,0,0,713,7.775,0,0,1,1,0,0,0,0,0,0,0,0,0,0,0,1
2,39.0,0,0,713,13.0,0,0,1,0,1,0,0,0,0,0,0,0,0,0,0,1
1,33.0,1,0,264,53.1,1,0,1,1,0,0,0,0,0,1,0,0,0,0,0,1
3,26.0,0,0,713,7.8875,0,0,1,0,1,0,0,0,0,0,0,0,0,0,0,1
3,39.0,0,0,147,24.15,0,0,1,0,1,0,0,0,0,0,0,0,0,0,0,1
2,35.0,0,0,713,10.5,0,0,1,0,1,0,0,0,0,0,0,0,0,0,0,1
3,6.0,4,2,70,31.275,6,0,1,1,0,0,0,0,0,0,0,0,0,0,0,1
3,30.5,0,0,713,8.05,0,0,1,0,1,0,0,0,0,0,0,0,0,0,0,1
1,28.0,0,0,264,0.0,0,0,1,0,1,0,1,0,0,0,0,0,0,0,0,1
3,23.0,0,0,713,7.925,0,0,1,1,0,0,0,0,0,0,0,0,0,0,0,1
2,31.0,1,1,147,37.0042,2,0,1,0,1,0,0,0,0,0,0,0,0,1,0,0
3,43.0,0,0,713,6.45,0,0,1,0,1,0,0,0,0,0,0,0,0,0,0,1
3,10.0,3,2,24,27.9,5,0,1,0,1,0,0,0,0,0,0,0,0,0,0,1
1,52.0,1,1,64,93.5,2,0,1,1,0,0,1,0,0,0,0,0,0,0,0,1
3,27.0,0,0,713,8.6625,0,0,1,0,1,0,0,0,0,0,0,0,0,0,0,1
1,38.0,0,0,713,0.0,0,0,1,0,1,0,0,0,0,0,0,0,0,0,0,1
3,27.0,0,1,264,12.475,1,0,1,1,0,0,0,0,0,1,0,0,0,0,0,1
3,2.0,4,1,70,39.6875,5,0,1,0,1,0,0,0,0,0,0,0,0,0,0,1
3,28.0,0,0,713,6.95,0,0,1,0,1,0,0,0,0,0,0,0,0,0,1,0
3,28.0,0,0,16,56.4958,0,0,1,0,1,0,0,0,0,0,0,0,0,0,0,1
2,1.0,0,2,147,37.0042,2,0,1,0,1,0,0,0,0,0,0,0,0,1,0,0
3,28.0,0,0,713,7.75,0,0,1,0,1,0,0,0,0,0,0,0,0,0,1,0
1,62.0,0,0,264,80.0,0,0,1,1,0,0,1,0,0,0,0,0,0,0,0,1
3,15.0,1,0,264,14.4542,1,0,1,1,0,0,0,0,0,0,0,0,0,1,0,0
2,0.83,1,1,147,18.75,2,0,1,0,1,0,0,0,0,0,0,0,0,0,0,1
3,28.0,0,0,713,7.2292,0,0,1,0,1,0,0,0,0,0,0,0,0,1,0,0
3,23.0,0,0,713,7.8542,0,0,1,0,1,0,0,0,0,0,0,0,0,0,0,1
3,18.0,0,0,713,8.3,0,0,1,0,1,0,0,0,0,0,0,0,0,0,0,1
1,39.0,1,1,147,83.1583,2,0,1,1,0,0,0,0,0,1,0,0,0,1,0,0
3,21.0,0,0,713,8.6625,0,0,1,0,1,0,0,0,0,0,0,0,0,0,0,1
3,28.0,0,0,713,8.05,0,0,1,0,1,0,0,0,0,0,0,0,0,0,0,1
3,32.0,0,0,16,56.4958,0,0,1,0,1,0,0,0,0,0,0,0,0,0,0,1
1,28.0,0,0,713,29.7,0,0,1,0,1,0,0,1,0,0,0,0,0,1,0,0
3,20.0,0,0,713,7.925,0,0,1,0,1,0,0,0,0,0,0,0,0,0,0,1
2,16.0,0,0,264,10.5,0,0,1,0,1,0,0,0,0,0,0,0,0,0,0,1
1,30.0,0,0,264,31.0,0,0,1,1,0,0,0,0,0,0,0,0,0,1,0,0
3,34.5,0,0,713,6.4375,0,0,1,0,1,0,0,0,0,0,0,0,0,1,0,0
3,17.0,0,0,713,8.6625,0,0,1,0,1,0,0,0,0,0,0,0,0,0,0,1
3,42.0,0,0,713,7.55,0,0,1,0,1,0,0,0,0,0,0,0,0,0,0,1
3,28.0,8,2,11,69.55,10,0,1,0,1,0,0,0,0,0,0,0,0,0,0,1
3,35.0,0,0,713,7.8958,0,0,1,0,1,0,0,0,0,0,0,0,0,1,0,0
2,28.0,0,1,147,33.0,1,0,1,0,1,0,0,0,0,0,0,0,0,0,0,1
1,28.0,1,0,264,89.1042,1,0,1,1,0,0,0,1,0,0,0,0,0,1,0,0
3,4.0,4,2,70,31.275,6,0,1,0,1,0,0,0,0,0,0,0,0,0,0,1
3,74.0,0,0,713,7.775,0,0,1,0,1,0,0,0,0,0,0,0,0,0,0,1
3,9.0,1,1,147,15.2458,2,0,1,1,0,0,0,0,0,0,0,0,0,1,0,0
1,16.0,0,1,264,39.4,1,0,1,1,0,0,0,0,1,0,0,0,0,0,0,1
2,44.0,1,0,264,26.0,1,0,1,1,0,0,0,0,0,0,0,0,0,0,0,1
3,18.0,0,1,264,9.35,1,0,1,1,0,0,0,0,0,0,0,0,0,0,0,1
1,45.0,1,1,64,164.8667,2,0,1,1,0,0,0,0,0,0,0,0,0,0,0,1
1,51.0,0,0,713,26.55,0,0,1,0,1,0,0,0,0,1,0,0,0,0,0,1
3,24.0,0,3,64,19.2583,3,0,1,1,0,0,0,0,0,0,0,0,0,1,0,0
3,28.0,0,0,713,7.2292,0,0,1,0,1,0,0,0,0,0,0,0,0,1,0,0
3,41.0,2,0,264,14.1083,2,0,1,0,1,0,0,0,0,0,0,0,0,0,0,1
2,21.0,1,0,713,11.5,1,0,1,0,1,0,0,0,0,0,0,0,0,0,0,1
1,48.0,0,0,713,25.9292,0,0,1,1,0,0,0,0,1,0,0,0,0,0,0,1
3,28.0,8,2,11,69.55,10,0,1,1,0,0,0,0,0,0,0,0,0,0,0,1
2,24.0,0,0,713,13.0,0,0,1,0,1,0,0,0,0,0,0,0,0,0,0,1
2,42.0,0,0,713,13.0,0,0,1,1,0,0,0,0,0,0,0,0,0,0,0,1
2,27.0,1,0,713,13.8583,1,0,1,1,0,0,0,0,0,0,0,0,0,1,0,0
1,31.0,0,0,713,50.4958,0,0,1,0,1,1,0,0,0,0,0,0,0,0,0,1
3,28.0,0,0,713,9.5,0,0,1,0,1,0,0,0,0,0,0,0,0,0,0,1
3,4.0,1,1,147,11.1333,2,0,1,0,1,0,0,0,0,0,0,0,0,0,0,1
3,26.0,0,0,713,7.8958,0,0,1,0,1,0,0,0,0,0,0,0,0,0,0,1
1,47.0,1,1,264,52.5542,2,0,1,1,0,0,0,0,1,0,0,0,0,0,0,1
1,33.0,0,0,713,5.0,0,0,1,0,1,0,1,0,0,0,0,0,0,0,0,1
3,47.0,0,0,713,9.0,0,0,1,0,1,0,0,0,0,0,0,0,0,0,0,1
2,28.0,1,0,264,24.0,1,0,1,1,0,0,0,0,0,0,0,0,0,1,0,0
3,15.0,0,0,713,7.225,0,0,1,1,0,0,0,0,0,0,0,0,0,1,0,0
3,20.0,0,0,264,9.8458,0,0,1,0,1,0,0,0,0,0,0,0,0,0,0,1
3,19.0,0,0,713,7.8958,0,0,1,0,1,0,0,0,0,0,0,0,0,0,0,1
3,28.0,0,0,713,7.8958,0,0,1,0,1,0,0,0,0,0,0,0,0,0,0,1
1,56.0,0,1,147,83.1583,1,0,1,1,0,0,0,1,0,0,0,0,0,1,0,0
2,25.0,0,1,264,26.0,1,0,1,1,0,0,0,0,0,0,0,0,0,0,0,1
3,33.0,0,0,713,7.8958,0,0,1,0,1,0,0,0,0,0,0,0,0,0,0,1
3,22.0,0,0,713,10.5167,0,0,1,1,0,0,0,0,0,0,0,0,0,0,0,1
2,28.0,0,0,713,10.5,0,0,1,0,1,0,0,0,0,0,0,0,0,0,0,1
3,25.0,0,0,713,7.05,0,0,1,0,1,0,0,0,0,0,0,0,0,0,0,1
3,39.0,0,5,24,29.125,5,0,1,1,0,0,0,0,0,0,0,0,0,0,1,0
2,27.0,0,0,713,13.0,0,0,1,0,1,0,0,0,0,0,0,0,0,0,0,1
1,19.0,0,0,713,30.0,0,0,1,1,0,0,1,0,0,0,0,0,0,0,0,1
3,28.0,1,2,64,23.45,3,0,1,1,0,0,0,0,0,0,0,0,0,0,0,1
1,26.0,0,0,713,30.0,0,0,1,0,1,0,0,1,0,0,0,0,0,1,0,0
3,32.0,0,0,713,7.75,0,0,1,0,1,0,0,0,0,0,0,0,0,0,1,0
3,34.5,0,0,713,7.8292,0,1,0,0,1,0,0,0,0,0,0,0,0,0,1,0
3,47.0,1,0,713,7.0,1,0,1,1,0,0,0,0,0,0,0,0,0,0,0,1
2,62.0,0,0,713,9.6875,0,0,1,0,1,0,0,0,0,0,0,0,0,0,1,0
3,27.0,0,0,713,8.6625,0,0,1,0,1,0,0,0,0,0,0,0,0,0,0,1
3,22.0,1,1,264,12.2875,2,0,1,1,0,0,0,0,0,0,0,0,0,0,0,1
3,14.0,0,0,713,9.225,0,0,1,0,1,0,0,0,0,0,0,0,0,0,0,1
3,30.0,0,0,713,7.6292,0,1,0,1,0,0,0,0,0,0,0,0,0,0,1,0
2,26.0,1,1,147,29.0,2,0,1,0,1,0,0,0,0,0,0,0,0,0,0,1
3,18.0,0,0,713,7.2292,0,0,1,1,0,0,0,0,0,0,0,0,0,1,0,0
3,21.0,2,0,147,24.15,2,0,1,0,1,0,0,0,0,0,0,0,0,0,0,1
3,28.0,0,0,713,7.8958,0,0,1,0,1,0,0,0,0,0,0,0,0,0,0,1
1,46.0,0,0,713,26.0,0,0,1,0,1,0,0,0,0,0,0,0,0,0,0,1
1,23.0,1,0,264,82.2667,1,0,1,1,0,0,1,0,0,0,0,0,0,0,0,1
2,63.0,1,0,264,26.0,1,0,1,0,1,0,0,0,0,0,0,0,0,0,0,1
1,47.0,1,0,264,61.175,1,0,1,1,0,0,0,0,0,1,0,0,0,0,0,1
2,24.0,1,0,264,27.7208,1,0,1,1,0,0,0,0,0,0,0,0,0,1,0,0
2,35.0,0,0,713,12.35,0,0,1,0,1,0,0,0,0,0,0,0,0,0,1,0
3,21.0,0,0,713,7.225,0,0,1,0,1,0,0,0,0,0,0,0,0,1,0,0
3,27.0,1,0,713,7.925,1,0,1,1,0,0,0,0,0,0,0,0,0,0,0,1
3,45.0,0,0,713,7.225,0,0,1,1,0,0,0,0,0,0,0,0,0,1,0,0
1,55.0,1,0,264,59.4,1,0,1,0,1,0,0,0,0,0,0,0,0,1,0,0
3,9.0,0,1,713,3.1708,1,0,1,0,1,0,0,0,0,0,0,0,0,0,0,1
1,28.0,0,0,713,31.6833,0,0,1,1,0,0,0,0,0,0,0,0,0,0,0,1
1,21.0,0,1,264,61.3792,1,0,1,0,1,0,0,0,0,0,0,0,0,1,0,0
1,48.0,1,3,70,262.375,4,0,1,1,0,0,1,0,0,0,0,0,0,1,0,0
3,50.0,1,0,264,14.5,1,0,1,0,1,0,0,0,0,0,0,0,0,0,0,1
1,22.0,0,1,264,61.9792,1,0,1,1,0,0,1,0,0,0,0,0,0,1,0,0
3,22.5,0,0,713,7.225,0,0,1,0,1,0,0,0,0,0,0,0,0,1,0,0
1,41.0,0,0,713,30.5,0,0,1,0,1,1,0,0,0,0,0,0,0,0,0,1
3,28.0,2,0,147,21.6792,2,0,1,0,1,0,0,0,0,0,0,0,0,1,0,0
2,50.0,1,0,264,26.0,1,0,1,0,1,0,0,0,0,0,0,0,0,0,0,1
2,24.0,2,0,147,31.5,2,0,1,0,1,0,0,0,0,0,0,0,0,0,0,1
3,33.0,1,2,64,20.575,3,0,1,1,0,0,0,0,0,0,0,0,0,0,0,1
3,28.0,1,2,64,23.45,3,0,1,1,0,0,0,0,0,0,0,0,0,0,0,1
1,30.0,1,0,264,57.75,1,0,1,0,1,0,0,1,0,0,0,0,0,1,0,0
3,18.5,0,0,713,7.2292,0,0,1,0,1,0,0,0,0,0,0,0,0,1,0,0
3,28.0,0,0,713,8.05,0,0,1,1,0,0,0,0,0,0,0,0,0,0,0,1
3,21.0,0,0,713,8.6625,0,0,1,1,0,0,0,0,0,0,0,0,0,0,0,1
3,25.0,0,0,713,9.5,0,0,1,0,1,0,0,0,0,0,0,0,0,0,0,1
3,28.0,0,0,16,56.4958,0,0,1,0,1,0,0,0,0,0,0,0,0,0,0,1
3,39.0,0,1,264,13.4167,1,0,1,0,1,0,0,0,0,0,0,0,0,1,0,0
1,28.0,0,0,713,26.55,0,0,1,0,1,0,0,0,1,0,0,0,0,0,0,1
3,41.0,0,0,713,7.85,0,0,1,0,1,0,0,0,0,0,0,0,0,0,0,1
2,30.0,0,0,713,13.0,0,0,1,1,0,0,0,0,0,0,0,0,0,0,0,1
1,45.0,1,0,264,52.5542,1,0,1,1,0,0,0,0,1,0,0,0,0,0,0,1
3,25.0,0,0,713,7.925,0,0,1,0,1,0,0,0,0,0,0,0,0,0,0,1
1,45.0,0,0,713,29.7,0,0,1,0,1,1,0,0,0,0,0,0,0,1,0,0
3,28.0,0,0,713,7.75,0,0,1,0,1,0,0,0,0,0,0,0,0,0,1,0
1,60.0,0,0,264,76.2917,0,0,1,1,0,0,0,0,1,0,0,0,0,1,0,0
3,36.0,0,2,147,15.9,2,0,1,1,0,0,0,0,0,0,0,0,0,0,0,1
1,24.0,1,0,264,60.0,1,0,1,0,1,0,0,1,0,0,0,0,0,0,0,1
2,27.0,0,0,713,15.0333,0,0,1,0,1,0,0,0,0,0,0,0,0,1,0,0
2,20.0,2,1,264,23.0,3,0,1,1,0,0,0,0,0,0,0,0,0,0,0,1
1,28.0,3,2,24,263.0,5,0,1,1,0,0,0,1,0,0,0,0,0,0,0,1
2,28.0,0,0,713,15.5792,0,0,1,0,1,0,0,0,0,0,0,0,0,1,0,0
3,10.0,4,1,24,29.125,5,0,1,0,1,0,0,0,0,0,0,0,0,0,1,0
3,35.0,0,0,713,7.8958,0,0,1,0,1,0,0,0,0,0,0,0,0,0,0,1
3,25.0,0,0,713,7.65,0,0,1,0,1,0,0,0,0,0,1,0,0,0,0,1
3,28.0,1,0,264,16.1,1,0,1,0,1,0,0,0,0,0,0,0,0,0,0,1
1,36.0,0,0,70,262.375,0,0,1,1,0,0,1,0,0,0,0,0,0,1,0,0
3,17.0,0,0,713,7.8958,0,0,1,0,1,0,0,0,0,0,0,0,0,0,0,1
2,32.0,0,0,713,13.5,0,0,1,0,1,0,0,0,0,0,0,0,0,0,0,1
3,18.0,0,0,713,7.75,0,0,1,0,1,0,0,0,0,0,0,0,0,0,0,1
3,22.0,0,0,713,7.725,0,0,1,1,0,0,0,0,0,0,0,0,0,0,1,0
1,13.0,2,2,70,262.375,4,0,1,0,1,0,1,0,0,0,0,0,0,1,0,0
2,28.0,0,0,264,21.0,0,0,1,1,0,0,0,0,0,0,0,0,0,0,0,1
3,18.0,0,0,713,7.8792,0,0,1,1,0,0,0,0,0,0,0,0,0,0,1,0
1,47.0,0,0,264,42.4,0,0,1,0,1,0,0,0,0,0,0,0,0,0,0,1
1,31.0,0,0,713,28.5375,0,0,1,0,1,0,0,1,0,0,0,0,0,1,0,0
1,60.0,1,4,24,263.0,5,0,1,1,0,0,0,1,0,0,0,0,0,0,0,1
3,24.0,0,0,713,7.75,0,0,1,1,0,0,0,0,0,0,0,0,0,0,1,0
3,21.0,0,0,713,7.8958,0,0,1,0,1,0,0,0,0,0,0,0,0,0,0,1
3,29.0,0,0,713,7.925,0,0,1,1,0,0,0,0,0,0,0,0,0,0,0,1
1,28.5,0,0,713,27.7208,0,0,1,0,1,0,0,0,1,0,0,0,0,1,0,0
1,35.0,0,0,70,211.5,0,0,1,1,0,0,0,1,0,0,0,0,0,1,0,0
1,32.5,0,0,70,211.5,0,0,1,0,1,0,0,1,0,0,0,0,0,1,0,0
3,28.0,0,0,713,8.05,0,0,1,0,1,0,0,0,0,0,0,0,0,0,0,1
1,55.0,2,0,713,25.7,2,0,1,1,0,0,0,1,0,0,0,0,0,0,0,1
2,30.0,0,0,713,13.0,0,0,1,0,1,0,0,0,0,0,0,0,0,0,0,1
3,24.0,0,0,713,7.75,0,0,1,1,0,0,0,0,0,0,0,0,0,0,1,0
3,6.0,1,1,147,15.2458,2,0,1,0,1,0,0,0,0,0,0,0,0,1,0,0
1,67.0,1,0,64,221.7792,1,0,1,0,1,0,0,1,0,0,0,0,0,0,0,1
1,49.0,0,0,713,26.0,0,0,1,0,1,0,0,0,0,0,0,0,0,0,0,1
3,28.0,0,0,713,7.8958,0,0,1,0,1,0,0,0,0,0,0,0,0,0,0,1
2,28.0,0,0,713,10.7083,0,0,1,0,1,0,0,0,0,0,0,0,0,0,1,0
3,28.0,1,0,264,14.4542,1,0,1,0,1,0,0,0,0,0,0,0,0,1,0,0
3,27.0,0,0,713,7.8792,0,0,1,1,0,0,0,0,0,0,0,0,0,0,1,0
3,18.0,0,0,713,8.05,0,0,1,1,0,0,0,0,0,0,0,0,0,0,0,1
3,28.0,0,0,713,7.75,0,0,1,1,0,0,0,0,0,0,0,0,0,0,1,0
2,2.0,1,1,147,23.0,2,0,1,0,1,0,0,0,0,0,0,0,0,0,0,1
3,22.0,1,0,264,13.9,1,0,1,1,0,0,0,0,0,0,0,0,0,0,0,1
3,28.0,0,0,713,7.775,0,0,1,0,1,0,0,0,0,0,0,0,0,0,0,1
1,27.0,1,2,264,52.0,3,0,1,1,0,0,1,0,0,0,0,0,0,0,0,1
3,28.0,0,0,713,8.05,0,0,1,0,1,0,0,0,0,0,0,0,0,0,0,1
1,25.0,0,0,713,26.0,0,0,1,0,1,0,0,0,0,0,0,0,0,1,0,0
3,25.0,0,0,713,7.7958,0,0,1,0,1,0,0,0,0,0,0,0,0,0,0,1
1,76.0,1,0,147,78.85,1,0,1,1,0,0,0,1,0,0,0,0,0,0,0,1
3,29.0,0,0,713,7.925,0,0,1,0,1,0,0,0,0,0,0,0,0,0,0,1
3,20.0,0,0,713,7.8542,0,0,1,1,0,0,0,0,0,0,0,0,0,0,0,1
3,33.0,0,0,713,8.05,0,0,1,0,1,0,0,0,0,0,0,0,0,0,0,1
1,43.0,1,0,264,55.4417,1,0,1,1,0,0,0,1,0,0,0,0,0,1,0,0
2,27.0,1,0,264,26.0,1,0,1,0,1,0,0,0,0,0,0,0,0,0,0,1
3,28.0,0,0,713,7.75,0,0,1,0,1,0,0,0,0,0,0,0,0,0,1,0
3,26.0,0,0,713,7.775,0,0,1,0,1,0,0,0,0,0,0,0,0,0,0,1
3,16.0,1,1,264,8.5167,2,0,1,1,0,0,0,0,0,0,0,0,0,1,0,0
3,28.0,0,0,147,22.525,0,0,1,0,1,0,0,0,0,0,0,0,0,0,0,1
3,21.0,0,0,713,7.8208,0,0,1,0,1,0,0,0,0,0,0,0,0,0,1,0
3,28.0,0,0,713,7.75,0,0,1,0,1,0,0,0,0,0,0,0,0,0,1,0
3,28.0,0,0,713,8.7125,0,0,1,0,1,0,0,0,0,0,0,0,0,0,0,1
2,18.5,0,0,713,13.0,0,0,1,0,1,0,0,0,0,0,1,0,0,0,0,1
2,41.0,0,0,713,15.0458,0,0,1,0,1,0,0,0,0,0,0,0,0,1,0,0
3,28.0,0,0,713,7.7792,0,0,1,1,0,0,0,0,0,0,0,0,0,0,1,0
1,36.0,0,0,713,31.6792,0,0,1,1,0,1,0,0,0,0,0,0,0,1,0,0
3,18.5,0,0,713,7.2833,0,0,1,1,0,0,0,0,0,0,0,0,0,0,1,0
1,63.0,1,0,64,221.7792,1,0,1,1,0,0,0,1,0,0,0,0,0,0,0,1
3,18.0,1,0,264,14.4542,1,0,1,0,1,0,0,0,0,0,0,0,0,1,0,0
3,28.0,0,0,713,6.4375,0,0,1,0,1,0,0,0,0,0,0,0,0,1,0,0
3,1.0,1,1,147,16.7,2,0,1,1,0,0,0,0,0,0,0,1,0,0,0,1
1,36.0,0,0,264,75.2417,0,0,1,0,1,0,0,1,0,0,0,0,0,1,0,0
2,29.0,1,0,264,26.0,1,0,1,1,0,0,0,0,0,0,0,0,0,0,0,1
2,12.0,0,0,264,15.75,0,0,1,1,0,0,0,0,0,0,0,0,0,0,0,1
3,28.0,1,0,713,7.75,1,0,1,0,1,0,0,0,0,0,0,0,0,0,1,0
1,35.0,1,0,264,57.75,1,0,1,1,0,0,0,1,0,0,0,0,0,1,0,0
3,28.0,0,0,713,7.25,0,0,1,0,1,0,0,0,0,0,0,0,0,0,0,1
3,28.0,0,0,713,7.75,0,0,1,0,1,0,0,0,0,0,0,0,0,0,1,0
3,17.0,0,1,264,16.1,1,0,1,1,0,0,0,0,0,0,0,0,0,0,0,1
3,22.0,0,0,713,7.7958,0,0,1,0,1,0,0,0,0,0,0,0,0,0,0,1
3,28.0,2,0,147,23.25,2,0,1,1,0,0,0,0,0,0,0,0,0,0,1,0
2,42.0,0,0,713,13.0,0,0,1,0,1,0,0,0,0,0,0,0,0,0,0,1
3,24.0,0,0,713,8.05,0,0,1,0,1,0,0,0,0,0,0,0,0,0,0,1
3,32.0,0,0,713,8.05,0,0,1,0,1,0,0,0,0,0,0,0,0,0,0,1
1,53.0,0,0,713,28.5,0,0,1,0,1,0,0,1,0,0,0,0,0,1,0,0
3,28.0,0,4,70,25.4667,4,0,1,1,0,0,0,0,0,0,0,0,0,0,0,1
3,28.0,1,0,713,6.4375,1,0,1,0,1,0,0,0,0,0,0,0,0,1,0,0
3,43.0,0,0,713,7.8958,0,0,1,0,1,0,0,0,0,0,0,0,0,0,0,1
3,24.0,0,0,713,7.8542,0,0,1,0,1,0,0,0,0,0,0,0,0,0,0,1
3,26.5,0,0,713,7.225,0,0,1,0,1,0,0,0,0,0,0,0,0,1,0,0
2,26.0,0,0,713,13.0,0,0,1,0,1,0,0,0,0,0,0,0,0,0,0,1
3,23.0,0,0,713,8.05,0,0,1,1,0,0,0,0,0,0,0,0,0,0,0,1
3,40.0,1,6,16,46.9,7,0,1,0,1,0,0,0,0,0,0,0,0,0,0,1
3,10.0,5,2,16,46.9,7,0,1,1,0,0,0,0,0,0,0,0,0,0,0,1
1,33.0,0,0,24,151.55,0,0,1,1,0,0,0,0,0,0,0,0,0,0,0,1
1,61.0,1,3,70,262.375,4,0,1,0,1,0,1,0,0,0,0,0,0,1,0,0
2,28.0,0,0,264,26.0,0,0,1,0,1,0,0,0,0,0,0,0,0,0,0,1
1,42.0,0,0,713,26.55,0,0,1,0,1,0,0,0,0,0,0,0,0,0,0,1
3,31.0,3,0,264,18.0,3,0,1,0,1,0,0,0,0,0,0,0,0,0,0,1
1,28.0,0,0,264,51.8625,0,0,1,0,1,0,0,0,0,1,0,0,0,0,0,1
3,22.0,0,0,713,8.05,0,0,1,0,1,0,0,0,0,0,0,0,0,0,0,1
1,28.0,0,0,713,26.55,0,0,1,0,1,0,0,0,0,0,0,0,0,0,0,1
2,30.0,1,1,264,26.0,2,0,1,0,1,0,0,0,0,0,0,0,0,0,0,1
1,23.0,0,1,147,83.1583,1,0,1,1,0,0,0,1,0,0,0,0,0,1,0,0
3,28.0,0,0,713,7.8958,0,0,1,0,1,0,0,0,0,0,0,0,0,1,0,0
3,60.5,0,0,713,,0,0,1,0,1,0,0,0,0,0,0,0,0,0,0,1
3,36.0,0,2,264,12.1833,2,0,1,1,0,0,0,0,0,0,0,0,0,0,0,1
3,13.0,4,2,70,31.3875,6,0,1,0,1,0,0,0,0,0,0,0,0,0,0,1
3,24.0,0,0,713,7.55,0,0,1,0,1,0,0,0,0,0,0,0,0,0,0,1
1,29.0,0,0,64,221.7792,0,0,1,1,0,0,0,1,0,0,0,0,0,0,0,1
3,23.0,0,0,713,7.8542,0,0,1,1,0,0,0,0,0,0,0,0,0,0,0,1
1,42.0,0,0,713,26.55,0,0,1,0,1,0,0,0,1,0,0,0,0,0,0,1
3,26.0,0,2,147,13.775,2,0,1,1,0,0,0,0,0,0,0,0,0,0,0,1
3,28.0,0,0,713,7.7333,0,0,1,1,0,0,0,0,0,0,0,0,0,0,1,0
3,7.0,1,1,147,15.2458,2,0,1,0,1,0,0,0,0,0,0,0,0,1,0,0
2,26.0,0,0,713,13.5,0,0,1,1,0,0,0,0,0,0,0,0,0,0,0,1
3,28.0,0,0,713,7.0,0,0,1,0,1,0,0,0,0,0,0,0,0,0,0,1
2,41.0,0,0,713,13.0,0,0,1,0,1,0,0,0,0,0,0,0,0,0,0,1
3,26.0,1,1,147,22.025,2,0,1,1,0,0,0,0,0,0,0,0,0,0,0,1
1,48.0,0,0,713,50.4958,0,0,1,0,1,0,1,0,0,0,0,0,0,1,0,0
3,18.0,2,2,70,34.375,4,0,1,0,1,0,0,0,0,0,0,0,0,0,0,1
1,28.0,0,0,713,27.7208,0,0,1,1,0,0,0,0,0,0,0,0,0,1,0,0
3,22.0,0,0,713,8.9625,0,0,1,1,0,0,0,0,0,0,0,0,0,0,0,1
3,28.0,0,0,713,7.55,0,0,1,0,1,0,0,0,0,0,0,0,0,0,0,1
3,27.0,0,0,713,7.225,0,0,1,0,1,0,0,0,0,0,0,0,0,1,0,0
3,23.0,1,0,264,13.9,1,0,1,0,1,0,0,0,0,0,0,0,0,0,0,1
3,28.0,0,0,713,7.2292,0,0,1,0,1,0,0,0,0,0,0,0,0,1,0,0
3,40.0,1,5,70,31.3875,6,0,1,0,1,0,0,0,0,0,0,0,0,0,0,1
2,15.0,0,2,147,39.0,2,0,1,1,0,0,0,0,0,0,0,0,0,0,0,1
2,20.0,0,0,64,36.75,0,0,1,1,0,0,0,0,0,0,0,0,0,0,0,1
1,54.0,1,0,264,55.4417,1,0,1,0,1,0,0,1,0,0,0,0,0,1,0,0
2,36.0,0,3,64,39.0,3,0,1,1,0,0,0,0,0,0,1,0,0,0,0,1
1,64.0,0,2,147,83.1583,2,0,1,1,0,0,0,0,0,1,0,0,0,1,0,0
2,30.0,0,0,713,13.0,0,0,1,0,1,0,0,0,0,0,0,0,0,0,0,1
1,37.0,1,1,147,83.1583,2,0,1,0,1,0,0,0,0,1,0,0,0,1,0,0
1,18.0,1,0,264,53.1,1,0,1,1,0,0,0,0,1,0,0,0,0,0,0,1
3,28.0,0,0,713,7.75,0,0,1,0,1,0,0,0,0,0,0,0,0,0,1,0
1,27.0,1,1,147,247.5208,2,0,1,1,0,0,1,0,0,0,0,0,0,1,0,0
2,40.0,0,0,713,16.0,0,0,1,0,1,0,0,0,0,0,0,0,0,0,0,1
2,21.0,0,1,264,21.0,1,0,1,1,0,0,0,0,0,0,0,0,0,0,0,1
3,17.0,2,0,713,8.05,2,0,1,0,1,0,0,0,0,0,0,0,0,0,0,1
3,28.0,8,2,11,69.55,10,0,1,1,0,0,0,0,0,0,0,0,0,0,0,1
2,40.0,0,0,713,13.0,0,0,1,0,1,0,0,0,0,0,0,0,0,0,0,1
2,34.0,1,0,264,26.0,1,0,1,0,1,0,0,0,0,0,0,0,0,0,0,1
1,28.0,0,0,713,26.0,0,0,1,0,1,0,0,0,0,0,0,0,0,0,0,1
3,11.5,1,1,147,14.5,2,0,1,0,1,0,0,0,0,0,0,0,0,0,0,1
2,61.0,0,0,713,12.35,0,0,1,0,1,0,0,0,0,0,0,0,0,0,1,0
2,8.0,0,2,147,32.5,2,0,1,0,1,0,0,0,0,0,0,0,0,0,0,1
3,33.0,0,0,713,7.8542,0,0,1,0,1,0,0,0,0,0,0,0,0,0,0,1
1,6.0,0,2,70,134.5,2,0,1,0,1,0,0,0,0,1,0,0,0,1,0,0
3,18.0,0,0,713,7.775,0,0,1,1,0,0,0,0,0,0,0,0,0,0,0,1
2,23.0,0,0,713,10.5,0,0,1,0,1,0,0,0,0,0,0,0,0,0,0,1
3,28.0,0,0,713,8.1125,0,0,1,1,0,0,0,0,0,0,0,0,0,0,0,1
3,28.0,0,0,264,15.5,0,0,1,1,0,0,0,0,0,0,0,0,0,0,1,0
3,0.33,0,2,147,14.4,2,0,1,0,1,0,0,0,0,0,0,0,0,0,0,1
1,47.0,1,0,70,227.525,1,0,1,0,1,0,0,1,0,0,0,0,0,1,0,0
2,8.0,1,1,147,26.0,2,0,1,1,0,0,0,0,0,0,0,0,0,0,0,1
2,25.0,0,0,713,10.5,0,0,1,0,1,0,0,0,0,0,0,0,0,0,0,1
1,28.0,0,0,713,25.7417,0,0,1,0,1,0,0,0,0,0,0,0,0,1,0,0
3,35.0,0,0,713,7.75,0,0,1,1,0,0,0,0,0,0,0,0,0,0,1,0
2,24.0,0,0,713,10.5,0,0,1,0,1,0,0,0,0,0,0,0,0,0,0,1
1,33.0,0,0,713,27.7208,0,0,1,1,0,1,0,0,0,0,0,0,0,1,0,0
3,25.0,0,0,713,7.8958,0,0,1,0,1,0,0,0,0,0,0,0,0,0,0,1
3,32.0,0,0,147,22.525,0,0,1,0,1,0,0,0,0,0,0,0,0,0,0,1
3,28.0,0,0,713,7.05,0,0,1,0,1,0,0,0,0,0,0,0,0,0,0,1
2,17.0,0,0,70,73.5,0,0,1,0,1,0,0,0,0,0,0,0,0,0,0,1
2,60.0,1,0,264,26.0,1,0,1,1,0,0,0,0,0,0,0,0,0,0,0,1
3,38.0,4,2,713,7.775,6,0,1,1,0,0,0,0,0,0,0,0,0,0,0,1
1,42.0,0,0,713,42.5,0,0,1,0,1,0,1,0,0,0,0,0,0,0,0,1
3,28.0,0,0,713,7.8792,0,0,1,1,0,0,0,0,0,0,0,0,0,0,1,0
1,57.0,1,1,64,164.8667,2,0,1,0,1,0,0,0,0,0,0,0,0,0,0,1
1,50.0,1,1,70,211.5,2,0,1,1,0,0,0,1,0,0,0,0,0,1,0,0
3,28.0,0,0,713,8.05,0,0,1,0,1,0,0,0,0,0,0,0,0,0,0,1
2,30.0,1,0,713,13.8583,1,0,1,1,0,0,0,0,0,0,0,0,0,1,0,0
3,21.0,0,0,713,8.05,0,0,1,0,1,0,0,0,0,0,0,0,0,0,0,1
2,22.0,0,0,713,10.5,0,0,1,1,0,0,0,0,0,0,1,0,0,0,0,1
3,21.0,0,0,713,7.7958,0,0,1,0,1,0,0,0,0,0,0,0,0,0,0,1
1,53.0,0,0,713,27.4458,0,0,1,1,0,0,0,0,0,0,0,0,0,1,0,0
3,28.0,0,2,147,15.2458,2,0,1,1,0,0,0,0,0,0,0,0,0,1,0,0
3,23.0,0,0,713,7.7958,0,0,1,0,1,0,0,0,0,0,0,0,0,0,0,1
3,28.0,0,0,713,7.75,0,0,1,1,0,0,0,0,0,0,0,0,0,0,1,0
3,40.5,0,0,264,15.1,0,0,1,0,1,0,0,0,0,0,0,0,0,0,0,1
2,36.0,0,0,713,13.0,0,0,1,0,1,0,0,0,0,0,0,0,0,0,0,1
2,14.0,0,0,70,65.0,0,0,1,0,1,0,0,0,0,0,0,0,0,0,0,1
1,21.0,0,0,713,26.55,0,0,1,1,0,0,0,0,0,0,0,0,0,0,0,1
3,21.0,1,0,713,6.4958,1,0,1,0,1,0,0,0,0,0,0,0,0,0,0,1
3,28.0,0,0,713,7.8792,0,0,1,0,1,0,0,0,0,0,0,0,0,0,1,0
1,39.0,1,0,264,71.2833,1,0,1,0,1,0,0,1,0,0,0,0,0,1,0,0
3,20.0,0,0,713,7.8542,0,0,1,0,1,0,0,0,0,0,0,0,0,0,0,1
1,64.0,1,0,264,75.25,1,0,1,0,1,0,0,0,1,0,0,0,0,1,0,0
3,20.0,0,0,713,7.225,0,0,1,0,1,0,0,0,0,0,0,0,0,1,0,0
2,18.0,1,1,713,13.0,2,0,1,1,0,0,0,0,0,0,0,0,0,0,0,1
1,48.0,1,0,147,106.425,1,0,1,1,0,0,0,1,0,0,0,0,0,1,0,0
1,55.0,0,0,713,27.7208,0,0,1,1,0,0,0,0,0,0,0,0,0,1,0,0
2,45.0,0,2,264,30.0,2,0,1,1,0,0,0,0,0,0,0,0,0,0,0,1
1,45.0,1,1,70,134.5,2,0,1,0,1,0,0,0,0,1,0,0,0,1,0,0
3,28.0,0,0,713,7.8875,0,0,1,0,1,0,0,0,0,0,0,0,0,0,0,1
3,28.0,1,2,64,23.45,3,0,1,0,1,0,0,0,0,0,0,0,0,0,0,1
1,41.0,1,0,264,51.8625,1,0,1,0,1,0,0,0,1,0,0,0,0,0,0,1
2,22.0,0,0,264,21.0,0,0,1,1,0,0,0,0,0,0,0,0,0,0,0,1
2,42.0,1,1,147,32.5,2,0,1,0,1,0,0,0,0,0,0,0,0,0,0,1
2,29.0,1,0,264,26.0,1,0,1,1,0,0,0,0,0,0,0,0,0,0,0,1
3,28.0,1,0,264,14.4542,1,0,1,1,0,0,0,0,0,0,0,0,0,1,0,0
2,0.92,1,2,64,27.75,3,0,1,1,0,0,0,0,0,0,0,0,0,0,0,1
3,20.0,0,0,713,7.925,0,0,1,0,1,0,0,0,0,0,0,0,0,0,0,1
1,27.0,1,0,264,136.7792,1,0,1,0,1,0,0,1,0,0,0,0,0,1,0,0
3,24.0,0,0,713,9.325,0,0,1,0,1,0,0,0,0,0,0,0,0,0,0,1
3,32.5,0,0,713,9.5,0,0,1,0,1,0,0,0,0,0,0,0,0,0,0,1
3,28.0,0,0,713,7.55,0,0,1,0,1,0,0,0,0,0,0,0,0,0,0,1
3,28.0,0,0,713,7.75,0,0,1,0,1,0,0,0,0,0,0,0,0,0,1,0
3,28.0,0,0,713,8.05,0,0,1,0,1,0,0,0,0,0,0,0,0,0,0,1
2,19.0,0,0,713,13.0,0,0,1,1,0,0,0,0,0,0,0,0,0,0,0,1
3,21.0,0,0,713,7.775,0,0,1,0,1,0,0,0,0,0,0,0,0,0,0,1
3,36.5,1,0,264,17.4,1,0,1,0,1,0,0,0,0,0,0,0,0,0,0,1
3,21.0,0,0,713,7.8542,0,0,1,0,1,0,0,0,0,0,0,0,0,0,0,1
2,29.0,0,2,147,23.0,2,0,1,1,0,0,0,0,0,0,0,0,0,0,0,1
3,1.0,1,1,264,12.1833,2,0,1,1,0,0,0,0,0,0,0,0,0,0,0,1
2,30.0,0,0,713,12.7375,0,0,1,0,1,0,0,0,0,0,0,0,0,1,0,0
3,28.0,0,0,713,7.8958,0,0,1,0,1,0,0,0,0,0,0,0,0,0,0,1
1,28.0,0,0,713,0.0,0,0,1,0,1,0,0,0,0,0,0,0,0,0,0,1
3,28.0,0,0,713,7.55,0,0,1,0,1,0,0,0,0,0,0,0,0,0,0,1
3,28.0,0,0,713,8.05,0,0,1,1,0,0,0,0,0,0,0,0,0,0,0,1
3,17.0,0,0,713,8.6625,0,0,1,0,1,0,0,0,0,0,0,0,0,0,0,1
1,46.0,0,0,264,75.2417,0,0,1,0,1,0,0,1,0,0,0,0,0,1,0,0
3,28.0,0,0,713,7.75,0,0,1,0,1,0,0,0,0,0,0,0,0,0,1,0
1,26.0,1,0,264,136.7792,1,0,1,1,0,0,0,1,0,0,0,0,0,1,0,0
3,28.0,1,0,264,15.5,1,0,1,1,0,0,0,0,0,0,0,0,0,0,1,0
3,28.0,0,0,713,7.225,0,0,1,0,1,0,0,0,0,0,0,0,0,1,0,0
2,20.0,1,0,264,26.0,1,0,1,1,0,0,0,0,0,0,0,0,0,0,0,1
2,28.0,0,0,713,10.5,0,0,1,0,1,0,0,0,0,0,0,0,0,0,0,1
2,40.0,1,0,264,26.0,1,0,1,0,1,0,0,0,0,0,0,0,0,0,0,1
2,30.0,1,0,264,21.0,1,0,1,0,1,0,0,0,0,0,0,0,0,0,0,1
2,22.0,0,0,713,10.5,0,0,1,0,1,0,0,0,0,0,0,0,0,0,0,1
3,23.0,0,0,713,8.6625,0,0,1,1,0,0,0,0,0,0,0,0,0,0,0,1
3,0.75,1,1,147,13.775,2,0,1,0,1,0,0,0,0,0,0,0,0,0,0,1
3,28.0,0,0,713,7.75,0,0,1,1,0,0,0,0,0,0,0,0,0,0,1,0
3,9.0,1,1,147,15.2458,2,0,1,1,0,0,0,0,0,0,0,0,0,1,0,0
3,2.0,1,1,147,20.2125,2,0,1,1,0,0,0,0,0,0,0,0,0,0,0,1
3,36.0,0,0,713,7.25,0,0,1,0,1,0,0,0,0,0,0,0,0,0,0,1
3,28.0,0,0,713,7.25,0,0,1,0,1,0,0,0,0,0,0,0,0,0,0,1
1,24.0,1,0,264,82.2667,1,0,1,0,1,0,1,0,0,0,0,0,0,0,0,1
3,28.0,0,0,713,7.2292,0,0,1,0,1,0,0,0,0,0,1,0,0,1,0,0
3,28.0,0,0,713,8.05,0,0,1,0,1,0,0,0,0,0,0,0,0,0,0,1
1,28.0,0,0,713,39.6,0,0,1,0,1,0,0,0,0,0,0,0,0,0,0,1
3,30.0,0,0,713,6.95,0,0,1,1,0,0,0,0,0,0,0,0,0,0,1,0
3,28.0,0,0,713,7.2292,0,0,1,0,1,0,0,0,0,0,0,0,0,1,0,0
1,53.0,1,1,147,81.8583,2,0,1,0,1,1,0,0,0,0,0,0,0,0,0,1
3,36.0,0,0,713,9.5,0,0,1,0,1,0,0,0,0,0,0,0,0,0,0,1
3,26.0,0,0,713,7.8958,0,0,1,0,1,0,0,0,0,0,0,0,0,0,0,1
2,1.0,1,2,64,41.5792,3,0,1,1,0,0,0,0,0,0,0,0,0,1,0,0
3,28.0,2,0,147,21.6792,2,0,1,0,1,0,0,0,0,0,0,0,0,1,0,0
1,30.0,0,0,713,45.5,0,0,1,0,1,0,0,0,0,0,0,0,0,0,0,1
3,29.0,0,0,713,7.8542,0,0,1,0,1,0,0,0,0,0,0,0,0,0,0,1
3,32.0,0,0,713,7.775,0,0,1,0,1,0,0,0,0,0,0,0,0,0,0,1
2,28.0,0,0,713,15.0458,0,0,1,0,1,0,0,0,1,0,0,0,0,1,0,0
2,43.0,0,1,264,21.0,1,0,1,0,1,0,0,0,0,0,0,0,0,0,0,1
3,24.0,0,0,713,8.6625,0,0,1,0,1,0,0,0,0,0,0,0,0,0,0,1
3,28.0,0,0,713,7.75,0,0,1,1,0,0,0,0,0,0,0,0,0,0,1,0
1,64.0,1,1,713,26.55,2,0,1,1,0,0,1,0,0,0,0,0,0,0,0,1
1,30.0,1,2,24,151.55,3,0,1,0,1,0,0,1,0,0,0,0,0,0,0,1
3,0.83,0,1,264,9.35,1,0,1,0,1,0,0,0,0,0,0,0,0,0,0,1
1,55.0,1,1,64,93.5,2,0,1,0,1,0,1,0,0,0,0,0,0,0,0,1
3,45.0,1,0,264,14.1083,1,0,1,1,0,0,0,0,0,0,0,0,0,0,0,1
3,18.0,0,0,713,8.6625,0,0,1,0,1,0,0,0,0,0,0,0,0,0,0,1
3,22.0,0,0,713,7.225,0,0,1,0,1,0,0,0,0,0,0,0,0,1,0,0
3,28.0,0,0,713,7.575,0,0,1,0,1,0,0,0,0,0,0,0,0,0,0,1
3,37.0,0,0,713,7.75,0,0,1,1,0,0,0,0,0,0,0,0,0,0,1,0
1,55.0,0,0,64,135.6333,0,0,1,1,0,0,0,1,0,0,0,0,0,1,0,0
3,17.0,0,0,713,7.7333,0,0,1,1,0,0,0,0,0,0,0,0,0,0,1,0
1,57.0,1,0,147,146.5208,1,0,1,0,1,0,1,0,0,0,0,0,0,1,0,0
2,19.0,0,0,713,10.5,0,0,1,0,1,0,0,0,0,0,0,0,0,0,0,1
3,27.0,0,0,713,7.8542,0,0,1,0,1,0,0,0,0,0,0,0,0,0,0,1
2,22.0,2,0,147,31.5,2,0,1,0,1,0,0,0,0,0,0,0,0,0,0,1
3,26.0,0,0,713,7.775,0,0,1,0,1,0,0,0,0,0,0,0,0,0,0,1
3,25.0,0,0,713,7.2292,0,0,1,0,1,0,0,0,0,0,1,0,0,1,0,0
2,26.0,0,0,713,13.0,0,0,1,0,1,0,0,0,0,0,1,0,0,0,0,1
1,33.0,0,0,713,26.55,0,0,1,0,1,0,0,0,0,0,0,0,0,0,0,1
1,39.0,0,0,64,211.3375,0,0,1,1,0,0,0,0,0,0,0,0,0,0,0,1
3,23.0,0,0,713,7.05,0,0,1,0,1,0,0,0,0,0,0,0,0,0,0,1
2,12.0,2,1,64,39.0,3,0,1,1,0,0,0,0,0,0,1,0,0,0,0,1
1,46.0,0,0,264,79.2,0,0,1,0,1,0,0,0,0,0,0,0,0,1,0,0
2,29.0,1,0,264,26.0,1,0,1,0,1,0,0,0,0,0,0,0,0,0,0,1
2,21.0,0,0,713,13.0,0,0,1,0,1,0,0,0,0,0,0,0,0,0,0,1
2,48.0,0,2,64,36.75,2,0,1,1,0,0,0,0,0,0,0,0,0,0,0,1
1,39.0,0,0,713,29.7,0,0,1,0,1,1,0,0,0,0,0,0,0,1,0,0
3,28.0,0,0,713,7.225,0,0,1,0,1,0,0,0,0,0,0,0,0,1,0,0
3,19.0,1,1,147,15.7417,2,0,1,1,0,0,0,0,0,0,0,0,0,1,0,0
3,27.0,0,0,713,7.8958,0,0,1,0,1,0,0,0,0,0,0,0,0,0,0,1
1,30.0,0,0,713,26.0,0,0,1,0,1,0,0,1,0,0,0,0,0,0,0,1
2,32.0,0,0,713,13.0,0,0,1,0,1,0,0,0,0,0,0,0,0,0,0,1
3,39.0,0,2,713,7.2292,2,0,1,0,1,0,0,0,0,0,0,0,0,1,0,0
2,25.0,0,0,147,31.5,0,0,1,0,1,0,0,0,0,0,0,0,0,0,0,1
3,28.0,0,0,713,7.2292,0,0,1,0,1,0,0,0,0,0,0,0,0,1,0,0
2,18.0,0,0,713,10.5,0,0,1,0,1,0,0,0,0,0,0,0,0,0,0,1
3,32.0,0,0,713,7.5792,0,0,1,0,1,0,0,0,0,0,0,0,0,0,0,1
3,28.0,1,9,11,69.55,10,0,1,0,1,0,0,0,0,0,0,0,0,0,0,1
1,58.0,0,1,64,512.3292,1,0,1,1,0,0,1,0,0,0,0,0,0,1,0,0
3,28.0,1,1,147,14.5,2,0,1,0,1,0,0,0,0,0,0,0,0,0,0,1
3,16.0,0,0,713,7.65,0,0,1,1,0,0,0,0,0,0,0,0,0,0,0,1
2,26.0,0,0,713,13.0,0,0,1,0,1,0,0,0,0,0,0,0,0,0,0,1
3,38.0,0,0,713,7.2292,0,0,1,1,0,0,0,0,0,0,0,0,0,1,0,0
2,24.0,0,0,713,13.5,0,0,1,0,1,0,0,0,0,0,0,0,0,0,0,1
2,31.0,0,0,264,21.0,0,0,1,1,0,0,0,0,0,0,0,0,0,0,0,1
1,45.0,0,1,264,63.3583,1,0,1,1,0,0,0,0,1,0,0,0,0,1,0,0
2,25.0,0,0,713,10.5,0,0,1,0,1,0,0,0,0,0,0,0,0,0,0,1
2,18.0,0,0,70,73.5,0,0,1,0,1,0,0,0,0,0,0,0,0,0,0,1
2,49.0,1,2,70,65.0,3,0,1,0,1,0,0,0,0,0,0,0,0,0,0,1
3,0.17,1,2,64,20.575,3,0,1,1,0,0,0,0,0,0,0,0,0,0,0,1
1,50.0,0,0,713,26.0,0,0,1,0,1,0,0,0,0,1,0,0,0,0,0,1
1,59.0,2,0,264,51.4792,2,0,1,1,0,0,0,1,0,0,0,0,0,0,0,1
3,28.0,0,0,713,7.8792,0,0,1,0,1,0,0,0,0,0,0,0,0,0,0,1
3,28.0,0,0,713,7.75,0,0,1,0,1,0,0,0,0,0,0,0,0,0,1,0
3,30.0,1,0,264,15.55,1,0,1,1,0,0,0,0,0,0,0,0,0,0,0,1
3,14.5,8,2,11,69.55,10,0,1,0,1,0,0,0,0,0,0,0,0,0,0,1
2,24.0,1,1,147,37.0042,2,0,1,1,0,0,0,0,0,0,0,0,0,1,0,0
2,31.0,0,0,264,21.0,0,0,1,1,0,0,0,0,0,0,0,0,0,0,0,1
3,27.0,0,0,713,8.6625,0,0,1,0,1,0,0,0,0,0,0,0,0,0,0,1
1,25.0,1,0,264,55.4417,1,0,1,1,0,0,0,0,0,1,0,0,0,1,0,0
3,28.0,1,9,11,69.55,10,0,1,1,0,0,0,0,0,0,0,0,0,0,0,1
3,28.0,1,0,264,14.4583,1,0,1,0,1,0,0,0,0,0,0,0,0,1,0,0
3,22.0,0,0,70,39.6875,0,0,1,1,0,0,0,0,0,0,0,0,0,0,0,1
1,45.0,0,1,264,59.4,1,0,1,1,0,0,0,0,0,0,0,0,0,1,0,0
2,29.0,0,0,713,13.8583,0,0,1,0,1,0,0,0,0,0,0,0,0,1,0,0
2,21.0,1,0,713,11.5,1,0,1,0,1,0,0,0,0,0,0,0,0,0,0,1
1,31.0,0,0,70,134.5,0,0,1,1,0,0,0,0,0,1,0,0,0,1,0,0
1,49.0,0,0,264,0.0,0,0,1,0,1,0,1,0,0,0,0,0,0,0,0,1
2,44.0,0,0,713,13.0,0,0,1,0,1,0,0,0,0,0,0,0,0,0,0,1
1,54.0,1,1,147,81.8583,2,0,1,1,0,1,0,0,0,0,0,0,0,0,0,1
1,45.0,0,0,70,262.375,0,0,1,1,0,0,0,0,0,0,0,0,0,1,0,0
3,22.0,2,0,713,8.6625,2,0,1,1,0,0,0,0,0,0,0,0,0,0,0,1
2,21.0,0,0,713,11.5,0,0,1,0,1,0,0,0,0,0,0,0,0,0,0,1
1,55.0,0,0,713,50.0,0,0,1,0,1,0,0,1,0,0,0,0,0,0,0,1
3,5.0,4,2,70,31.3875,6,0,1,0,1,0,0,0,0,0,0,0,0,0,0,1
3,28.0,0,0,713,7.75,0,0,1,0,1,0,0,0,0,0,0,0,0,0,1,0
3,26.0,0,0,713,7.8792,0,0,1,0,1,0,0,0,0,0,0,0,0,0,1,0
3,28.0,0,0,264,14.5,0,0,1,1,0,0,0,0,0,0,0,0,0,0,0,1
3,19.0,1,0,264,16.1,1,0,1,1,0,0,0,0,0,0,0,0,0,0,0,1
2,28.0,0,0,713,12.875,0,0,1,0,1,0,0,0,0,0,0,0,0,0,0,1
2,24.0,1,2,70,65.0,3,0,1,1,0,0,0,0,0,0,0,0,0,0,0,1
3,24.0,0,0,713,7.775,0,0,1,0,1,0,0,0,0,0,0,0,0,0,0,1
2,57.0,0,0,713,13.0,0,0,1,0,1,0,0,0,0,0,0,0,0,0,0,1
3,21.0,0,0,713,7.75,0,0,1,0,1,0,0,0,0,0,0,0,0,0,1,0
3,6.0,3,1,70,21.075,4,0,1,0,1,0,0,0,0,0,0,0,0,0,0,1
1,23.0,0,0,64,93.5,0,0,1,0,1,0,1,0,0,0,0,0,0,0,0,1
1,51.0,0,1,264,39.4,1,0,1,1,0,0,0,0,1,0,0,0,0,0,0,1
3,13.0,0,2,147,20.25,2,0,1,0,1,0,0,0,0,0,0,0,0,0,0,1
2,47.0,0,0,713,10.5,0,0,1,0,1,0,0,0,0,0,0,0,0,0,0,1
3,29.0,3,1,147,22.025,4,0,1,0,1,0,0,0,0,0,0,0,0,0,0,1
1,18.0,1,0,264,60.0,1,0,1,1,0,0,0,1,0,0,0,0,0,0,0,1
3,24.0,0,0,713,7.25,0,0,1,0,1,0,0,0,0,0,0,0,0,0,1,0
1,48.0,1,1,264,79.2,2,0,1,1,0,0,1,0,0,0,0,0,0,1,0,0
3,22.0,0,0,713,7.775,0,0,1,0,1,0,0,0,0,0,0,0,0,0,0,1
3,31.0,0,0,713,7.7333,0,0,1,0,1,0,0,0,0,0,0,0,0,0,1,0
1,30.0,0,0,64,164.8667,0,0,1,1,0,0,0,1,0,0,0,0,0,0,0,1
2,38.0,1,0,264,21.0,1,0,1,0,1,0,0,0,0,0,0,0,0,0,0,1
1,22.0,0,1,264,59.4,1,0,1,1,0,0,0,0,0,0,0,0,0,1,0,0
1,17.0,0,0,264,47.1,0,0,1,0,1,0,0,0,0,0,0,0,0,0,0,1
1,43.0,1,0,713,27.7208,1,0,1,0,1,0,0,0,1,0,0,0,0,1,0,0
2,20.0,0,0,713,13.8625,0,0,1,0,1,0,0,0,1,0,0,0,0,1,0,0
2,23.0,1,0,713,10.5,1,0,1,0,1,0,0,0,0,0,0,0,0,0,0,1
1,50.0,1,1,70,211.5,2,0,1,0,1,0,0,1,0,0,0,0,0,1,0,0
3,28.0,0,0,713,7.7208,0,0,1,1,0,0,0,0,0,0,0,0,0,0,1,0
3,3.0,1,1,147,13.775,2,0,1,1,0,0,0,0,0,0,0,0,0,0,0,1
3,28.0,0,0,713,7.75,0,0,1,1,0,0,0,0,0,0,0,0,0,0,1,0
1,37.0,1,0,147,90.0,1,0,1,1,0,0,0,1,0,0,0,0,0,0,1,0
3,28.0,0,0,713,7.775,0,0,1,1,0,0,0,0,0,0,0,0,0,0,0,1
3,28.0,0,0,713,8.05,0,0,1,0,1,0,0,0,0,0,0,0,0,0,0,1
1,39.0,0,0,147,108.9,0,0,1,1,0,0,0,1,0,0,0,0,0,1,0,0
3,38.5,0,0,713,7.25,0,0,1,0,1,0,0,0,0,0,0,0,0,0,0,1
3,28.0,0,0,713,8.05,0,0,1,0,1,0,0,0,0,0,0,0,0,0,0,1
3,28.0,1,1,147,22.3583,2,0,1,0,1,0,0,0,0,0,0,0,0,1,0,0
